Transaction Number,Date,Quantity,Product,CommissionType,Value,Status,Total,SellerId
mtl-12491,2022-03-20 9:21,1,Satellite Phone,Gold,4,Processing,$259.99,29948
mtl-12492,2022-09-18 6:49,1,Wireless Video Doorbell,Gold,4,Processing,$159.99,147
mtl-12493,2022-08-31 1:36,4,Wireless Keyboard,Gold,4,Processing,$239.96,30016
mtl-12494,2022-04-24 5:32,4,Network Switch,Bronze,2,Pending,$639.96,29764
mtl-12495,2022-12-05 23:17,5,Smartwatch,Silver,3,Paid,"$1,049.95",366
mtl-12496,2022-05-11 4:28,1,Wireless Game Controller,Gold,4,Paid,$59.99,180
mtl-12497,2022-04-27 9:58,1,Wireless Router,Silver,3,Processing,$59.99,272
mtl-12498,2022-03-10 17:17,1,Wireless Backup Drive,Silver,3,Pending,$159.99,613
mtl-12499,2022-05-04 18:38,5,Bluetooth Speaker,Bronze,2,Paid,$299.95,489
mtl-12500,2022-01-20 14:40,3,Smart Home Security System,Silver,3,Processing,"$1,529.97",291
mtl-12501,2023-04-09 20:34,1,Wireless Audio Receiver,Gold,4,Pending,$75.00,493
mtl-12502,2022-04-21 1:44,5,Wireless Game Controller,Gold,4,Processing,$299.95,563
mtl-12503,2022-09-03 10:23,2,Wireless Home Surveillance System,Bronze,2,Processing,$619.98,275
mtl-12504,2022-07-17 20:42,3,Streaming Media Player,Gold,4,Processing,$225.00,29834
mtl-12505,2023-04-04 9:50,1,Wireless Speaker,Bronze,2,Pending,$75.00,461
mtl-12506,2023-04-12 9:01,3,Wireless Home Automation System,Silver,3,Paid,"$1,529.97",644
mtl-12507,2022-02-09 7:51,2,Smart Home Appliance,Gold,4,Paid,$519.98,380
mtl-12508,2022-11-15 19:52,2,Smart Home Camera,Gold,4,Paid,$219.98,29944
mtl-12509,2022-05-21 9:29,4,Smart Home Lighting,Gold,4,Processing,$300.00,29651
mtl-12510,2023-02-27 23:36,5,Wireless Mouse,Gold,4,Pending,$125.00,621
mtl-12511,2022-09-23 21:45,4,VoIP Phone,Bronze,2,Processing,$639.96,29764
mtl-12512,2023-04-21 15:15,5,Wireless Mouse,Silver,3,Pending,$125.00,47
mtl-12513,2022-02-05 22:46,1,Wireless Audio Receiver,Silver,3,Pending,$75.00,29646
mtl-12514,2022-12-22 11:39,2,Cell Phone,Gold,4,Paid,$219.98,10
mtl-12515,2022-09-24 14:36,2,VoIP Phone,Silver,3,Paid,$319.98,254
mtl-12516,2022-01-19 19:51,3,Wireless Microphone,Bronze,2,Pending,$179.97,425
mtl-12517,2022-12-21 12:05,2,Satellite Phone,Gold,4,Processing,$519.98,644
mtl-12518,2022-10-16 20:02,3,Wireless Range Extender,Bronze,2,Pending,$225.00,30087
mtl-12519,2022-04-18 15:13,3,Wireless Mouse,Gold,4,Processing,$75.00,29885
mtl-12520,2022-02-13 3:19,4,Wireless Home Security System,Silver,3,Pending,"$1,039.96",443
mtl-12521,2023-01-23 12:39,1,Wireless Router,Gold,4,Pending,$59.99,29879
mtl-12522,2022-08-24 4:13,1,Wireless Printer,Silver,3,Processing,$75.00,30047
mtl-12523,2022-02-24 11:19,4,Wireless Storage Device,Silver,3,Processing,$839.96,30118
mtl-12524,2022-02-25 11:00,5,Antenna,Silver,3,Paid,$299.95,30016
mtl-12525,2022-04-06 22:16,1,Wireless Video Streaming Device,Bronze,2,Processing,$75.00,239
mtl-12526,2022-08-25 18:03,5,Smartwatch,Gold,4,Pending,"$1,049.95",454
mtl-12527,2022-11-13 19:42,5,IP Camera,Gold,4,Pending,"$1,049.95",29605
mtl-12528,2022-06-27 22:59,2,Satellite Phone,Silver,3,Paid,$519.98,343
mtl-12529,2022-07-21 20:52,2,Cable Modem,Silver,3,Paid,$150.00,358
mtl-12530,2022-07-24 12:53,3,Streaming Media Player,Bronze,2,Paid,$225.00,96
mtl-12531,2022-01-23 11:28,2,Cable Modem,Gold,4,Paid,$150.00,366
mtl-12532,2023-01-15 16:32,1,Wireless Home Entertainment System,Gold,4,Pending,$409.99,29847
mtl-12533,2022-03-24 18:47,2,IP Camera,Silver,3,Paid,$419.98,29929
mtl-12534,2023-01-30 10:03,1,Smart Home Door Lock,Gold,4,Paid,$159.99,29975
mtl-12535,2022-01-11 13:21,2,Wireless Video Camera,Gold,4,Pending,$219.98,29544
mtl-12536,2023-02-14 10:04,3,Smart TV,Bronze,2,Processing,"$1,529.97",334
mtl-12537,2022-08-28 7:55,5,Bluetooth Speaker,Gold,4,Processing,$299.95,29847
mtl-12538,2022-09-24 7:25,4,Satellite Dish,Gold,4,Pending,$639.96,697
mtl-12539,2022-06-18 15:35,5,Satellite Phone,Silver,3,Pending,"$1,299.95",30111
mtl-12540,2022-02-14 23:40,2,Wireless Home Entertainment System,Gold,4,Paid,$819.98,29919
mtl-12541,2022-07-15 20:54,4,Smart Home Lighting,Gold,4,Paid,$300.00,29567
mtl-12542,2022-12-14 10:00,2,Wireless Home Network System,Bronze,2,Pending,$319.98,457
mtl-12543,2022-11-05 6:21,5,Wireless Router,Silver,3,Pending,$299.95,29553
mtl-12544,2022-11-19 6:10,4,Wireless Home Surveillance System,Silver,3,Processing,"$1,239.96",29601
mtl-12545,2022-12-08 22:14,2,Wireless Speaker,Bronze,2,Pending,$150.00,563
mtl-12546,2022-05-06 0:11,3,Wireless Network Adapter,Bronze,2,Pending,$179.97,238
mtl-12547,2022-04-28 18:11,4,GPS Navigation System,Silver,3,Paid,$839.96,66
mtl-12548,2023-03-06 2:50,4,Wireless Game Controller,Silver,3,Paid,$239.96,129
mtl-12549,2022-10-28 9:51,4,Wireless Charger,Silver,3,Paid,$100.00,180
mtl-12550,2022-04-18 7:55,4,Wireless Home Automation System,Bronze,2,Paid,"$2,039.96",29780
mtl-12551,2023-04-13 19:28,1,Smart Home Lighting,Gold,4,Pending,$75.00,30105
mtl-12552,2023-02-22 22:02,4,Wireless Network Adapter,Gold,4,Paid,$239.96,545
mtl-12553,2023-01-24 17:53,3,Network Switch,Silver,3,Processing,$479.97,187
mtl-12554,2022-07-07 3:19,3,Network Switch,Silver,3,Processing,$479.97,484
mtl-12555,2022-02-22 20:18,2,Wireless Home Entertainment System,Silver,3,Pending,$819.98,29770
mtl-12556,2022-05-01 4:44,5,Wireless Game Controller,Gold,4,Paid,$299.95,685
mtl-12557,2022-02-18 12:39,1,Smart Home Camera,Silver,3,Processing,$109.99,460
mtl-12558,2022-11-19 11:46,1,Laptop,Bronze,2,Pending,$809.99,29911
mtl-12559,2022-03-18 9:16,2,Smart Home Hub,Silver,3,Pending,$219.98,30016
mtl-12560,2022-01-04 16:52,5,Wireless Storage Device,Gold,4,Pending,"$1,049.95",298
mtl-12561,2023-02-07 0:37,5,Modem,Gold,4,Paid,$375.00,30042
mtl-12562,2022-08-10 4:01,5,Cable Modem,Silver,3,Pending,$375.00,29764
mtl-12563,2022-05-12 16:11,4,Wireless Backup Drive,Silver,3,Pending,$639.96,696
mtl-12564,2022-12-10 11:45,2,Wireless Home Surveillance System,Silver,3,Pending,$619.98,147
mtl-12565,2022-01-16 19:27,2,Satellite Phone,Silver,3,Processing,$519.98,208
mtl-12566,2023-01-27 12:45,4,IP Camera,Bronze,2,Paid,$839.96,29566
mtl-12567,2023-02-09 7:06,5,Wireless Home Network System,Bronze,2,Paid,$799.95,29944
mtl-12568,2022-01-29 1:56,3,Satellite Radio,Gold,4,Processing,$329.97,29859
mtl-12569,2022-06-30 12:00,2,Wireless Backup Drive,Silver,3,Pending,$319.98,147
mtl-12570,2022-03-29 5:19,5,Modem,Silver,3,Processing,$375.00,30044
mtl-12571,2022-11-08 10:35,5,Smart Home Hub,Bronze,2,Pending,$549.95,39
mtl-12572,2023-01-14 3:24,4,Wireless Home Entertainment System,Gold,4,Paid,"$1,639.96",29655
mtl-12573,2023-01-22 19:34,4,Wireless Security System,Silver,3,Processing,$639.96,617
mtl-12574,2023-02-02 18:21,3,Cable Modem,Silver,3,Paid,$225.00,29924
mtl-12575,2022-02-07 6:06,2,Satellite Radio,Bronze,2,Pending,$219.98,29736
mtl-12576,2022-05-04 2:52,4,Wireless Video Doorbell,Gold,4,Paid,$639.96,218
mtl-12577,2022-04-09 19:38,1,Smart TV,Silver,3,Processing,$509.99,29524
mtl-12578,2023-03-26 2:16,5,Fiber Optic Modem,Bronze,2,Pending,$799.95,29521
mtl-12579,2022-09-15 14:29,1,Wireless Video Camera,Bronze,2,Processing,$109.99,29636
mtl-12580,2022-06-18 9:43,1,Smart Home Thermostat,Gold,4,Paid,$209.99,226
mtl-12581,2022-09-29 18:51,2,Wireless Video Doorbell,Silver,3,Pending,$319.98,29911
mtl-12582,2022-09-14 5:25,4,Satellite Phone,Bronze,2,Paid,"$1,039.96",30016
mtl-12583,2022-06-29 7:02,4,GPS Navigation System,Gold,4,Paid,$839.96,166
mtl-12584,2023-01-27 9:47,5,Wireless Storage Device,Bronze,2,Pending,"$1,049.95",461
mtl-12585,2023-02-14 14:42,3,Smart Home Security System,Gold,4,Processing,"$1,529.97",644
mtl-12586,2023-01-02 17:49,4,Wireless Router,Silver,3,Pending,$239.96,29510
mtl-12587,2022-01-28 0:34,4,Smart Home Security System,Silver,3,Paid,"$2,039.96",29683
mtl-12588,2022-06-30 16:16,3,Wireless Security System,Gold,4,Pending,$479.97,29816
mtl-12589,2022-09-15 3:24,1,Smart Home Security System,Silver,3,Paid,$509.99,29631
mtl-12590,2023-03-31 12:23,2,GPS Navigation System,Gold,4,Processing,$419.98,679
mtl-12591,2022-04-19 0:46,4,Laptop,Silver,3,Pending,"$3,239.96",29868
mtl-12592,2023-04-19 12:03,3,Wireless Home Surveillance System,Gold,4,Paid,$929.97,185
mtl-12593,2022-06-10 9:47,3,GPS Navigation System,Gold,4,Processing,$629.97,29921
mtl-12594,2023-03-25 10:50,3,Wireless Audio Receiver,Gold,4,Paid,$225.00,29948
mtl-12595,2022-12-07 3:49,5,Wireless Security System,Gold,4,Paid,$799.95,418
mtl-12596,2022-07-07 7:28,1,Wireless Router,Silver,3,Paid,$59.99,29683
mtl-12597,2023-01-15 11:03,2,Wireless Headphones,Silver,3,Paid,$150.00,29636
mtl-12598,2022-05-03 17:55,3,Satellite Phone,Bronze,2,Processing,$779.97,29973
mtl-12599,2023-04-21 6:18,2,Wireless Video Doorbell,Bronze,2,Paid,$319.98,29744
mtl-12600,2022-03-28 16:54,4,Cell Phone,Silver,3,Processing,$439.96,11
mtl-12601,2022-06-21 21:37,3,Desktop Computer,Silver,3,Pending,"$3,029.97",38
mtl-12602,2022-08-16 1:14,2,Wireless Home Network System,Silver,3,Processing,$319.98,165
mtl-12603,2022-07-04 14:11,1,Wireless Headphones,Bronze,2,Pending,$75.00,466
mtl-12604,2022-03-06 20:28,5,Wireless Storage Device,Silver,3,Paid,"$1,049.95",580
mtl-12605,2023-02-06 9:00,2,VoIP Phone,Silver,3,Pending,$319.98,29568
mtl-12606,2022-11-24 18:13,4,Wireless Video Doorbell,Bronze,2,Processing,$639.96,30087
mtl-12607,2022-04-13 19:16,1,Smart Home Hub,Gold,4,Pending,$109.99,187
mtl-12608,2022-07-30 1:51,4,Smart Home Camera,Bronze,2,Paid,$439.96,29689
mtl-12609,2022-03-14 5:14,4,Satellite Radio,Silver,3,Paid,$439.96,417
mtl-12610,2023-02-10 19:33,4,Wireless Backup Drive,Silver,3,Pending,$639.96,29824
mtl-12611,2022-06-26 15:48,1,DSL Modem,Gold,4,Pending,$75.00,29803
mtl-12612,2022-12-12 15:03,3,Wireless Home Security System,Silver,3,Pending,$779.97,29873
mtl-12613,2022-01-25 0:54,5,Tablet,Silver,3,Pending,"$1,549.95",436
mtl-12614,2023-01-14 14:31,1,Smart Home Hub,Silver,3,Pending,$109.99,679
mtl-12615,2022-04-21 0:22,2,Wireless Video Streaming Device,Gold,4,Processing,$150.00,29605
mtl-12616,2022-04-18 22:36,2,Wireless Access Point,Silver,3,Paid,$150.00,29867
mtl-12617,2022-02-17 5:02,3,Cell Phone,Bronze,2,Pending,$329.97,674
mtl-12618,2023-02-03 10:14,3,Smartphone,Gold,4,Pending,"$1,529.97",29870
mtl-12619,2022-09-25 22:00,3,Satellite Phone,Gold,4,Paid,$779.97,437
mtl-12620,2023-01-28 5:39,3,Smart Home Appliance,Bronze,2,Pending,$779.97,29600
mtl-12621,2023-01-06 18:50,1,Wireless Speaker,Gold,4,Pending,$75.00,307
mtl-12622,2022-03-21 2:32,1,Wireless Home Surveillance System,Gold,4,Pending,$309.99,470
mtl-12623,2022-10-18 10:03,5,Wireless Audio Receiver,Gold,4,Processing,$375.00,327
mtl-12624,2022-12-06 4:09,2,Wireless Video Camera,Silver,3,Pending,$219.98,29744
mtl-12625,2022-07-01 15:35,3,Smart Home Thermostat,Gold,4,Pending,$629.97,443
mtl-12626,2022-05-18 20:52,3,Smart TV,Bronze,2,Pending,"$1,529.97",30063
mtl-12627,2023-01-16 7:23,4,Wireless Home Network System,Gold,4,Pending,$639.96,29662
mtl-12628,2022-09-28 2:53,4,Bluetooth Speaker,Gold,4,Pending,$239.96,29574
mtl-12629,2022-06-30 13:00,2,Wireless Home Entertainment System,Gold,4,Paid,$819.98,184
mtl-12630,2022-06-21 7:36,3,Smart Home Thermostat,Gold,4,Pending,$629.97,29663
mtl-12631,2022-04-29 18:43,1,Wireless Mouse,Bronze,2,Pending,$25.00,244
mtl-12632,2022-08-08 5:04,5,Smart Home Camera,Silver,3,Processing,$549.95,29566
mtl-12633,2023-04-19 18:55,4,Smartphone,Gold,4,Paid,"$2,039.96",29901
mtl-12634,2023-02-03 18:41,3,Wireless Home Surveillance System,Bronze,2,Pending,$929.97,29768
mtl-12635,2023-01-30 5:30,1,Wireless Keyboard,Gold,4,Paid,$59.99,334
mtl-12636,2022-02-13 11:04,4,Laptop,Bronze,2,Pending,"$3,239.96",385
mtl-12637,2022-08-28 23:05,2,Wireless Home Entertainment System,Silver,3,Processing,$819.98,484
mtl-12638,2023-03-28 5:47,4,Smart Home Thermostat,Gold,4,Pending,$839.96,29601
mtl-12639,2022-10-10 13:33,1,Satellite Dish,Gold,4,Processing,$159.99,29502
mtl-12640,2022-09-18 10:40,4,Bluetooth Speaker,Gold,4,Processing,$239.96,187
mtl-12641,2022-06-29 3:48,1,Modem,Gold,4,Pending,$75.00,29699
mtl-12642,2022-07-07 15:20,3,Smart TV,Gold,4,Paid,"$1,529.97",435
mtl-12643,2022-09-21 17:54,3,Streaming Media Player,Silver,3,Pending,$225.00,29605
mtl-12644,2023-03-30 22:22,2,Wireless Security System,Bronze,2,Paid,$319.98,275
mtl-12645,2022-12-03 5:03,5,Wireless Game Controller,Silver,3,Pending,$299.95,29741
mtl-12646,2022-11-07 15:05,4,Bluetooth Speaker,Silver,3,Pending,$239.96,363
mtl-12647,2022-12-17 11:48,2,Wireless Headphones,Bronze,2,Paid,$150.00,328
mtl-12648,2022-01-17 1:07,1,Fiber Optic Modem,Silver,3,Paid,$159.99,471
mtl-12649,2022-01-06 12:53,4,Wireless Home Surveillance System,Silver,3,Pending,"$1,239.96",641
mtl-12650,2022-11-13 21:25,3,Smartphone,Bronze,2,Pending,"$1,529.97",569
mtl-12651,2022-01-06 12:08,1,Smartwatch,Bronze,2,Pending,$209.99,604
mtl-12652,2022-12-22 7:55,2,Wireless Game Controller,Bronze,2,Pending,$119.98,434
mtl-12653,2022-04-15 12:22,5,Fiber Optic Modem,Silver,3,Paid,$799.95,186
mtl-12654,2022-05-10 13:26,1,Antenna,Gold,4,Pending,$59.99,29659
mtl-12655,2022-07-25 0:32,5,Wireless Video Game Console,Gold,4,Pending,"$1,549.95",201
mtl-12656,2023-03-14 6:01,3,Wireless Home Automation System,Gold,4,Paid,"$1,529.97",641
mtl-12657,2022-07-27 14:03,1,Wireless Network Adapter,Silver,3,Paid,$59.99,290
mtl-12658,2022-08-09 20:38,3,Wireless Printer,Silver,3,Processing,$225.00,186
mtl-12659,2023-01-19 15:30,5,Smart TV,Bronze,2,Processing,"$2,549.95",29982
mtl-12660,2022-04-30 8:14,4,Cable Modem,Silver,3,Paid,$300.00,30034
mtl-12661,2022-01-11 5:23,3,Streaming Media Player,Silver,3,Pending,$225.00,498
mtl-12662,2022-03-28 7:19,5,Satellite Dish,Bronze,2,Processing,$799.95,466
mtl-12663,2022-12-13 12:24,2,Wireless Backup Drive,Silver,3,Processing,$319.98,29623
mtl-12664,2022-05-23 3:01,5,Smart Home Appliance,Bronze,2,Pending,"$1,299.95",385
mtl-12665,2022-02-25 12:45,1,DSL Modem,Bronze,2,Pending,$75.00,352
mtl-12666,2022-07-05 6:50,5,Wireless Security System,Gold,4,Processing,$799.95,460
mtl-12667,2022-12-14 13:04,1,Wireless Video Game Console,Bronze,2,Paid,$309.99,29860
mtl-12668,2022-06-26 4:02,1,Wireless Video Streaming Device,Gold,4,Pending,$75.00,407
mtl-12669,2023-01-14 21:09,3,Wireless Headphones,Silver,3,Pending,$225.00,29525
mtl-12670,2022-11-05 0:06,5,Modem,Gold,4,Pending,$375.00,131
mtl-12671,2022-12-08 23:01,4,Wireless Audio Receiver,Bronze,2,Processing,$300.00,583
mtl-12672,2022-03-07 22:38,3,Network Switch,Gold,4,Processing,$479.97,148
mtl-12673,2022-01-30 1:47,3,Wireless Home Automation System,Gold,4,Processing,"$1,529.97",402
mtl-12674,2022-04-27 0:50,1,VoIP Phone,Silver,3,Paid,$159.99,220
mtl-12675,2022-04-30 22:58,2,Wireless Storage Device,Gold,4,Processing,$419.98,30044
mtl-12676,2023-02-11 0:35,3,Wireless Home Surveillance System,Bronze,2,Processing,$929.97,196
mtl-12677,2022-10-30 1:26,5,Wireless Printer,Silver,3,Paid,$375.00,30016
mtl-12678,2022-08-15 13:26,5,Bluetooth Speaker,Bronze,2,Paid,$299.95,29859
mtl-12679,2023-03-12 21:04,2,Smart Home Door Lock,Bronze,2,Pending,$319.98,29740
mtl-12680,2022-04-28 2:10,2,Network Switch,Silver,3,Pending,$319.98,621
mtl-12681,2022-09-25 8:07,5,Smart Home Appliance,Silver,3,Pending,"$1,299.95",29766
mtl-12682,2022-03-06 3:49,2,Wireless Mouse,Gold,4,Processing,$50.00,274
mtl-12683,2022-06-01 6:28,5,Desktop Computer,Gold,4,Pending,"$5,049.95",649
mtl-12684,2022-05-04 15:49,3,Wireless Backup Drive,Silver,3,Paid,$479.97,454
mtl-12685,2022-08-09 14:52,5,Fiber Optic Modem,Silver,3,Paid,$799.95,29544
mtl-12686,2022-08-11 3:50,4,Modem,Gold,4,Pending,$300.00,290
mtl-12687,2022-11-29 11:39,2,Smart Home Hub,Silver,3,Pending,$219.98,29525
mtl-12688,2023-03-02 5:53,1,Wireless Audio Receiver,Gold,4,Processing,$75.00,29782
mtl-12689,2022-12-22 12:18,3,Smart Home Camera,Gold,4,Processing,$329.97,29834
mtl-12690,2022-06-24 6:39,4,Wireless Home Automation System,Silver,3,Paid,"$2,039.96",29562
mtl-12691,2022-04-23 7:40,5,Wireless Home Entertainment System,Gold,4,Processing,"$2,049.95",29949
mtl-12692,2022-11-22 1:39,1,Modem,Bronze,2,Paid,$75.00,581
mtl-12693,2022-04-17 12:47,5,Wireless Home Network System,Silver,3,Paid,$799.95,29768
mtl-12694,2023-02-27 8:27,4,Wireless Range Extender,Gold,4,Processing,$300.00,218
mtl-12695,2022-06-25 14:07,2,Satellite Dish,Gold,4,Pending,$319.98,29758
mtl-12696,2022-08-21 9:38,1,Cable Modem,Silver,3,Paid,$75.00,394
mtl-12697,2022-06-15 14:02,3,Wireless Video Doorbell,Gold,4,Processing,$479.97,95
mtl-12698,2022-01-04 8:34,1,Modem,Gold,4,Processing,$75.00,298
mtl-12699,2022-06-02 8:34,5,Wireless Home Network System,Silver,3,Processing,$799.95,352
mtl-12700,2022-12-24 11:59,5,Wireless Home Automation System,Bronze,2,Paid,"$2,549.95",288
mtl-12701,2022-01-18 12:43,3,Smart Home Camera,Gold,4,Paid,$329.97,29973
mtl-12702,2022-07-22 9:52,5,Wireless Charger,Gold,4,Paid,$125.00,581
mtl-12703,2022-07-30 6:22,5,Wireless Video Game Console,Gold,4,Processing,"$1,549.95",29781
mtl-12704,2022-11-17 12:20,4,Wireless Printer,Bronze,2,Pending,$300.00,29975
mtl-12705,2023-01-04 21:59,1,Satellite Radio,Silver,3,Pending,$109.99,307
mtl-12706,2022-05-16 9:44,3,Wireless Router,Silver,3,Paid,$179.97,307
mtl-12707,2022-02-04 15:50,2,Wireless Home Entertainment System,Silver,3,Paid,$819.98,30012
mtl-12708,2022-06-11 8:20,4,Smart TV,Silver,3,Pending,"$2,039.96",352
mtl-12709,2023-01-28 21:51,1,Wireless Storage Device,Silver,3,Paid,$209.99,29910
mtl-12710,2023-04-15 14:13,3,Wireless Speaker,Bronze,2,Paid,$225.00,253
mtl-12711,2022-03-26 12:38,3,Wireless Audio Receiver,Bronze,2,Pending,$225.00,408
mtl-12712,2022-01-21 2:54,4,Smartphone,Silver,3,Processing,"$2,039.96",29766
mtl-12713,2022-10-05 6:06,2,Wireless Backup Drive,Gold,4,Pending,$319.98,29857
mtl-12714,2023-02-28 22:06,2,Desktop Computer,Bronze,2,Paid,"$2,019.98",460
mtl-12715,2022-03-16 12:09,4,Smart Home Camera,Gold,4,Paid,$439.96,30105
mtl-12716,2022-08-12 14:17,2,GPS Navigation System,Gold,4,Pending,$419.98,421
mtl-12717,2022-10-21 7:21,2,GPS Navigation System,Bronze,2,Pending,$419.98,617
mtl-12718,2023-02-03 12:51,3,Wireless Video Camera,Silver,3,Paid,$329.97,272
mtl-12719,2022-01-12 19:27,5,Satellite Phone,Silver,3,Paid,"$1,299.95",418
mtl-12720,2022-06-15 7:16,2,Wireless Speaker,Gold,4,Paid,$150.00,288
mtl-12721,2022-12-02 14:32,4,Wireless Security System,Gold,4,Paid,$639.96,385
mtl-12722,2023-04-26 3:30,4,Wireless Security System,Silver,3,Processing,$639.96,596
mtl-12723,2023-01-14 22:04,4,Wireless Keyboard,Silver,3,Paid,$239.96,274
mtl-12724,2022-04-18 4:51,4,Wireless Keyboard,Bronze,2,Paid,$239.96,29683
mtl-12725,2022-11-15 12:06,2,Smartphone,Bronze,2,Processing,"$1,019.98",29550
mtl-12726,2022-03-16 7:16,3,Wireless Home Entertainment System,Silver,3,Paid,"$1,229.97",29924
mtl-12727,2022-07-05 22:27,5,Wireless Video Streaming Device,Gold,4,Pending,$375.00,587
mtl-12728,2023-01-09 10:33,4,Wireless Video Camera,Silver,3,Pending,$439.96,29663
mtl-12729,2023-04-20 11:38,1,Network Switch,Silver,3,Processing,$159.99,610
mtl-12730,2023-03-26 20:05,2,Cell Phone,Silver,3,Paid,$219.98,498
mtl-12731,2022-07-04 9:13,5,Wireless Microphone,Bronze,2,Paid,$299.95,29824
mtl-12732,2022-08-23 13:44,3,Fiber Optic Modem,Bronze,2,Pending,$479.97,701
mtl-12733,2022-09-27 20:34,4,Wireless Speaker,Gold,4,Pending,$300.00,29728
mtl-12734,2022-05-01 18:05,5,Wireless Audio Receiver,Bronze,2,Processing,$375.00,61
mtl-12735,2022-06-30 22:11,2,Cable TV Box,Silver,3,Pending,$219.98,29859
mtl-12736,2022-03-18 18:28,1,IP Camera,Gold,4,Processing,$209.99,29919
mtl-12737,2022-01-30 15:25,1,Smart Home Door Lock,Gold,4,Pending,$159.99,38
mtl-12738,2023-02-21 10:58,1,Satellite Phone,Bronze,2,Processing,$259.99,29876
mtl-12739,2022-04-28 23:37,4,Wireless Security System,Bronze,2,Paid,$639.96,218
mtl-12740,2022-03-13 12:53,1,Smart Home Door Lock,Gold,4,Processing,$159.99,29668
mtl-12741,2022-05-01 21:53,5,Desktop Computer,Gold,4,Pending,"$5,049.95",362
mtl-12742,2023-01-02 1:59,3,Satellite Dish,Gold,4,Paid,$479.97,29938
mtl-12743,2022-10-20 11:39,3,Antenna,Gold,4,Processing,$179.97,430
mtl-12744,2022-02-01 21:55,3,Cable TV Box,Bronze,2,Paid,$329.97,29736
mtl-12745,2022-08-17 5:00,1,Wireless Backup Drive,Bronze,2,Pending,$159.99,29813
mtl-12746,2022-10-14 14:04,3,Wireless Range Extender,Bronze,2,Processing,$225.00,448
mtl-12747,2023-03-09 11:04,3,Satellite Phone,Gold,4,Pending,$779.97,131
mtl-12748,2023-02-21 14:13,1,Smart Home Hub,Gold,4,Processing,$109.99,29771
mtl-12749,2022-04-11 20:45,3,Cell Phone,Silver,3,Pending,$329.97,275
mtl-12750,2022-06-12 1:37,5,Wireless Mouse,Bronze,2,Pending,$125.00,29867
mtl-12751,2023-01-14 18:04,5,Wireless Home Entertainment System,Bronze,2,Paid,"$2,049.95",288
mtl-12752,2022-09-06 20:41,5,Smart Home Sensor,Gold,4,Paid,$299.95,29998
mtl-12753,2022-11-16 0:08,4,Wireless Storage Device,Silver,3,Paid,$839.96,29982
mtl-12754,2023-04-13 1:41,2,Wireless Video Game Console,Gold,4,Paid,$619.98,10
mtl-12755,2022-03-20 20:58,3,Wireless Microphone,Bronze,2,Paid,$179.97,307
mtl-12756,2022-02-26 5:06,3,Smartwatch,Gold,4,Processing,$629.97,327
mtl-12757,2023-04-03 10:35,2,Smart Home Door Lock,Silver,3,Processing,$319.98,29577
mtl-12758,2022-01-12 22:51,3,Wireless Range Extender,Gold,4,Paid,$225.00,29764
mtl-12759,2023-04-14 10:43,2,Antenna,Bronze,2,Pending,$119.98,29824
mtl-12760,2022-09-17 13:45,4,Wireless Speaker,Silver,3,Paid,$300.00,29778
mtl-12761,2022-03-19 14:53,5,Wireless Home Automation System,Silver,3,Paid,"$2,549.95",29800
mtl-12762,2022-01-19 9:04,2,Wireless Access Point,Bronze,2,Paid,$150.00,29659
mtl-12763,2022-08-16 15:44,3,Antenna,Silver,3,Paid,$179.97,407
mtl-12764,2022-04-26 12:18,3,Wireless Keyboard,Bronze,2,Pending,$179.97,257
mtl-12765,2022-09-14 6:15,3,Smart Home Camera,Silver,3,Pending,$329.97,29553
mtl-12766,2022-04-05 18:11,2,Wireless Storage Device,Bronze,2,Pending,$419.98,29800
mtl-12767,2023-03-28 21:14,2,Wireless Headphones,Bronze,2,Pending,$150.00,286
mtl-12768,2022-10-01 20:48,3,Wireless Home Network System,Bronze,2,Pending,$479.97,29662
mtl-12769,2022-09-08 9:14,5,Smart Home Appliance,Gold,4,Processing,"$1,299.95",425
mtl-12770,2022-03-31 13:51,3,Network Switch,Silver,3,Processing,$479.97,29502
mtl-12771,2023-02-09 21:10,1,IP Camera,Gold,4,Pending,$209.99,29527
mtl-12772,2022-12-11 3:59,4,Wireless Keyboard,Gold,4,Processing,$239.96,165
mtl-12773,2022-09-27 0:36,3,Bluetooth Speaker,Bronze,2,Paid,$179.97,48
mtl-12774,2022-08-30 1:03,4,Smart Home Camera,Silver,3,Processing,$439.96,29646
mtl-12775,2022-10-31 3:37,5,Fiber Optic Modem,Bronze,2,Paid,$799.95,30024
mtl-12776,2022-05-10 12:07,4,GPS Navigation System,Gold,4,Processing,$839.96,30044
mtl-12777,2022-06-25 5:47,2,Wireless Video Doorbell,Gold,4,Processing,$319.98,29911
mtl-12778,2023-04-27 4:06,5,Smart Home Security System,Bronze,2,Processing,"$2,549.95",29683
mtl-12779,2023-02-02 22:02,2,Wireless Home Security System,Silver,3,Processing,$519.98,444
mtl-12780,2022-09-26 16:52,1,Cell Phone,Bronze,2,Processing,$109.99,29872
mtl-12781,2022-07-12 4:46,4,Wireless Access Point,Silver,3,Pending,$300.00,129
mtl-12782,2023-01-17 0:39,1,Wireless Storage Device,Gold,4,Pending,$209.99,457
mtl-12783,2022-07-19 6:53,4,Wireless Video Game Console,Bronze,2,Paid,"$1,239.96",29949
mtl-12784,2022-03-16 5:26,5,Smartphone,Gold,4,Pending,"$2,549.95",29952
mtl-12785,2022-11-10 12:36,4,Laptop,Silver,3,Paid,"$3,239.96",457
mtl-12786,2022-09-07 13:21,5,Wireless Printer,Gold,4,Processing,$375.00,29929
mtl-12787,2022-05-03 6:25,2,Wireless Home Network System,Bronze,2,Pending,$319.98,79
mtl-12788,2022-02-28 4:54,2,Cable Modem,Silver,3,Processing,$150.00,29646
mtl-12789,2022-10-17 16:32,4,Bluetooth Speaker,Gold,4,Processing,$239.96,30107
mtl-12790,2022-03-01 19:57,3,Wireless Home Entertainment System,Silver,3,Paid,"$1,229.97",30044
mtl-12791,2022-01-26 1:18,5,Wireless Home Security System,Bronze,2,Processing,"$1,299.95",581
mtl-12792,2022-02-03 7:30,1,Network Switch,Silver,3,Processing,$159.99,29744
mtl-12793,2022-07-15 8:13,2,Smart Home Hub,Silver,3,Processing,$219.98,408
mtl-12794,2022-01-14 3:57,5,Smartwatch,Bronze,2,Pending,"$1,049.95",394
mtl-12795,2023-03-10 8:45,5,Wireless Home Network System,Bronze,2,Pending,$799.95,30090
mtl-12796,2023-02-27 14:14,5,IP Camera,Gold,4,Pending,"$1,049.95",29758
mtl-12797,2022-04-24 11:31,3,Wireless Range Extender,Bronze,2,Paid,$225.00,239
mtl-12798,2022-05-20 18:13,3,Wireless Range Extender,Bronze,2,Pending,$225.00,29663
mtl-12799,2022-05-31 21:03,2,Smart Home Hub,Silver,3,Processing,$219.98,29683
mtl-12800,2022-12-25 21:21,2,Smart Home Camera,Bronze,2,Paid,$219.98,29668
mtl-12801,2023-02-05 6:58,4,Wireless Security System,Silver,3,Processing,$639.96,274
mtl-12802,2022-09-26 3:44,5,Wireless Game Controller,Gold,4,Pending,$299.95,643
mtl-12803,2023-04-04 18:34,1,Smart Home Door Lock,Silver,3,Processing,$159.99,29732
mtl-12804,2022-09-09 4:30,5,Desktop Computer,Silver,3,Pending,"$5,049.95",363
mtl-12805,2023-04-16 4:09,3,Smart Home Security System,Gold,4,Processing,"$1,529.97",552
mtl-12806,2022-08-11 19:43,3,Smart TV,Gold,4,Pending,"$1,529.97",307
mtl-12807,2023-03-30 21:20,4,Smart Home Lighting,Bronze,2,Pending,$300.00,484
mtl-12808,2022-11-17 17:09,4,Smart Home Sensor,Gold,4,Processing,$239.96,610
mtl-12809,2023-03-31 8:23,4,Satellite Radio,Bronze,2,Pending,$439.96,2
mtl-12810,2022-03-06 4:37,3,Wireless Charger,Silver,3,Paid,$75.00,39
mtl-12811,2022-10-14 17:38,3,Wireless Game Controller,Gold,4,Paid,$179.97,29813
mtl-12812,2022-09-17 23:20,5,Smart Home Lighting,Silver,3,Processing,$375.00,454
mtl-12813,2022-12-10 6:30,4,Satellite Radio,Silver,3,Pending,$439.96,253
mtl-12814,2022-07-15 12:42,1,Wireless Home Automation System,Silver,3,Pending,$509.99,28
mtl-12815,2023-02-17 3:25,1,GPS Navigation System,Gold,4,Processing,$209.99,29651
mtl-12816,2022-11-11 11:22,2,Wireless Home Surveillance System,Bronze,2,Paid,$619.98,29600
mtl-12817,2023-03-06 3:39,4,Wireless Home Entertainment System,Bronze,2,Paid,"$1,639.96",239
mtl-12818,2022-10-01 0:09,3,Wireless Home Surveillance System,Silver,3,Processing,$929.97,97
mtl-12819,2022-12-01 23:09,4,Smart Home Thermostat,Bronze,2,Paid,$839.96,30083
mtl-12820,2022-07-29 17:34,1,Smartphone,Bronze,2,Processing,$509.99,29524
mtl-12821,2022-05-17 11:56,5,Wireless Home Security System,Silver,3,Processing,"$1,299.95",29813
mtl-12822,2022-12-24 17:20,5,Wireless Speaker,Gold,4,Paid,$375.00,29623
mtl-12823,2022-11-03 2:12,4,Cable TV Box,Silver,3,Processing,$439.96,29929
mtl-12824,2023-03-26 15:39,3,Cable Modem,Silver,3,Processing,$225.00,695
mtl-12825,2023-02-05 4:31,5,Wireless Network Adapter,Silver,3,Processing,$299.95,644
mtl-12826,2022-04-08 0:26,5,Satellite Dish,Silver,3,Paid,$799.95,29944
mtl-12827,2023-02-10 9:03,3,Wireless Backup Drive,Silver,3,Paid,$479.97,29929
mtl-12828,2023-03-18 13:23,1,Network Switch,Gold,4,Paid,$159.99,235
mtl-12829,2023-04-26 17:54,4,Wireless Video Camera,Bronze,2,Paid,$439.96,257
mtl-12830,2022-05-25 6:22,4,Wireless Video Game Console,Bronze,2,Pending,"$1,239.96",327
mtl-12831,2022-11-07 6:19,1,Fiber Optic Modem,Silver,3,Processing,$159.99,516
mtl-12832,2023-03-03 22:35,1,Wireless Printer,Silver,3,Paid,$75.00,29699
mtl-12833,2023-02-13 11:30,4,Smart Home Hub,Gold,4,Processing,$439.96,29748
mtl-12834,2022-08-29 2:33,1,Smartwatch,Silver,3,Paid,$209.99,641
mtl-12835,2022-01-16 11:48,4,Satellite Dish,Bronze,2,Paid,$639.96,2
mtl-12836,2022-01-24 15:34,4,Wireless Speaker,Bronze,2,Paid,$300.00,29485
mtl-12837,2022-03-17 22:31,1,Wireless Mouse,Silver,3,Pending,$25.00,29668
mtl-12838,2023-01-08 18:10,4,Smart Home Appliance,Bronze,2,Pending,"$1,039.96",10
mtl-12839,2023-03-10 15:30,5,Wireless Charger,Gold,4,Pending,$125.00,29893
mtl-12840,2023-04-05 3:48,1,Satellite Phone,Bronze,2,Pending,$259.99,29780
mtl-12841,2023-01-01 19:32,5,Smart Home Camera,Bronze,2,Paid,$549.95,596
mtl-12842,2023-02-26 1:06,4,Smart Home Sensor,Gold,4,Processing,$239.96,30110
mtl-12843,2023-02-25 1:29,1,Wireless Router,Bronze,2,Processing,$59.99,7
mtl-12844,2023-04-06 20:13,5,Fiber Optic Modem,Bronze,2,Processing,$799.95,30050
mtl-12845,2023-01-01 23:03,1,Tablet,Gold,4,Paid,$309.99,29800
mtl-12846,2023-03-27 16:09,4,Smartphone,Gold,4,Processing,"$2,039.96",443
mtl-12847,2022-02-03 4:35,4,Smart Home Sensor,Bronze,2,Pending,$239.96,182
mtl-12848,2022-01-21 10:49,4,Modem,Silver,3,Processing,$300.00,29574
mtl-12849,2023-02-11 14:24,4,Wireless Mouse,Silver,3,Paid,$100.00,298
mtl-12850,2023-04-05 6:05,2,Wireless Mouse,Bronze,2,Processing,$50.00,30061
mtl-12851,2022-09-11 6:23,5,Satellite Radio,Bronze,2,Processing,$549.95,29750
mtl-12852,2023-04-21 2:12,3,Wireless Backup Drive,Silver,3,Paid,$479.97,425
mtl-12853,2022-12-30 11:18,4,Satellite Dish,Gold,4,Paid,$639.96,580
mtl-12854,2022-04-30 3:37,4,Wireless Storage Device,Silver,3,Processing,$839.96,150
mtl-12855,2023-01-08 13:36,5,Wireless Game Controller,Silver,3,Pending,$299.95,30083
mtl-12856,2022-03-14 5:29,2,Cell Phone,Bronze,2,Processing,$219.98,29635
mtl-12857,2023-01-13 13:30,3,Cell Phone,Bronze,2,Pending,$329.97,273
mtl-12858,2022-04-27 8:49,4,Wireless Video Streaming Device,Bronze,2,Paid,$300.00,29636
mtl-12859,2022-01-29 3:59,1,Wireless Home Surveillance System,Silver,3,Paid,$309.99,29800
mtl-12860,2022-08-15 16:52,2,Cell Phone,Gold,4,Paid,$219.98,470
mtl-12861,2022-06-07 2:06,2,GPS Navigation System,Silver,3,Paid,$419.98,29524
mtl-12862,2023-04-23 10:32,2,Wireless Keyboard,Bronze,2,Paid,$119.98,29601
mtl-12863,2022-10-07 11:31,4,Smart Home Camera,Gold,4,Processing,$439.96,29557
mtl-12864,2022-12-05 20:49,5,Satellite Radio,Bronze,2,Processing,$549.95,239
mtl-12865,2023-01-29 2:50,2,Wireless Keyboard,Silver,3,Pending,$119.98,29782
mtl-12866,2022-01-12 6:26,5,Wireless Video Doorbell,Bronze,2,Pending,$799.95,648
mtl-12867,2022-03-19 9:22,4,Smart Home Lighting,Bronze,2,Processing,$300.00,621
mtl-12868,2022-09-17 0:15,5,Wireless Router,Silver,3,Pending,$299.95,97
mtl-12869,2023-04-10 3:51,5,Bluetooth Speaker,Bronze,2,Paid,$299.95,29546
mtl-12870,2022-12-07 1:32,5,Cell Phone,Gold,4,Paid,$549.95,185
mtl-12871,2023-02-12 14:08,2,Smart Home Camera,Silver,3,Paid,$219.98,272
mtl-12872,2022-07-07 2:01,1,Wireless Video Game Console,Gold,4,Processing,$309.99,29982
mtl-12873,2022-01-04 14:32,2,Wireless Headphones,Gold,4,Paid,$150.00,380
mtl-12874,2022-03-02 19:22,1,VoIP Phone,Bronze,2,Paid,$159.99,29859
mtl-12875,2022-06-09 3:46,5,Wireless Speaker,Silver,3,Paid,$375.00,444
mtl-12876,2022-09-14 6:18,4,Smartphone,Bronze,2,Pending,"$2,039.96",253
mtl-12877,2023-02-22 17:59,4,Wireless Video Streaming Device,Silver,3,Processing,$300.00,484
mtl-12878,2022-08-16 10:00,3,Wireless Home Network System,Silver,3,Pending,$479.97,187
mtl-12879,2023-03-29 15:49,3,Wireless Keyboard,Silver,3,Pending,$179.97,29868
mtl-12880,2022-04-27 0:51,4,Modem,Gold,4,Pending,$300.00,29753
mtl-12881,2023-04-19 11:18,3,Wireless Speaker,Silver,3,Paid,$225.00,29857
mtl-12882,2022-12-25 3:02,1,Wireless Speaker,Silver,3,Pending,$75.00,250
mtl-12883,2022-09-30 2:45,2,Satellite Dish,Gold,4,Paid,$319.98,609
mtl-12884,2022-11-21 21:17,1,Cable Modem,Bronze,2,Pending,$75.00,701
mtl-12885,2022-01-02 5:05,5,Wireless Video Streaming Device,Silver,3,Paid,$375.00,29824
mtl-12886,2022-04-14 21:21,3,Laptop,Silver,3,Processing,"$2,429.97",30008
mtl-12887,2023-02-23 7:02,4,Smart Home Appliance,Silver,3,Processing,"$1,039.96",29885
mtl-12888,2023-03-10 12:53,4,Satellite Dish,Silver,3,Paid,$639.96,30094
mtl-12889,2022-08-06 12:19,1,Wireless Range Extender,Bronze,2,Processing,$75.00,29535
mtl-12890,2023-02-17 3:15,3,GPS Navigation System,Gold,4,Paid,$629.97,641
mtl-12891,2022-10-06 12:51,3,Tablet,Gold,4,Pending,$929.97,208
mtl-12892,2023-02-24 7:18,4,Wireless Home Surveillance System,Gold,4,Processing,"$1,239.96",528
mtl-12893,2022-09-01 19:51,3,Satellite Radio,Bronze,2,Processing,$329.97,38
mtl-12894,2022-07-06 20:36,5,Wireless Home Network System,Bronze,2,Paid,$799.95,470
mtl-12895,2022-01-08 15:05,4,Wireless Microphone,Gold,4,Paid,$239.96,29635
mtl-12896,2022-09-23 18:15,4,Smart Home Appliance,Gold,4,Pending,"$1,039.96",696
mtl-12897,2022-04-18 14:19,4,Smart TV,Bronze,2,Processing,"$2,039.96",29755
mtl-12898,2022-12-03 6:25,2,Cell Phone,Bronze,2,Pending,$219.98,456
mtl-12899,2022-02-27 5:30,2,Wireless Speaker,Bronze,2,Processing,$150.00,29973
mtl-12900,2022-02-27 9:12,1,GPS Navigation System,Gold,4,Processing,$209.99,30063
mtl-12901,2022-09-16 11:14,2,Smart Home Appliance,Bronze,2,Processing,$519.98,29781
mtl-12902,2022-09-15 4:19,2,Tablet,Bronze,2,Pending,$619.98,493
mtl-12903,2022-12-18 12:27,1,Wireless Security System,Silver,3,Pending,$159.99,507
mtl-12904,2022-07-21 3:47,5,Wireless Video Camera,Gold,4,Processing,$549.95,29910
mtl-12905,2022-12-03 21:36,1,Wireless Home Surveillance System,Silver,3,Pending,$309.99,29780
mtl-12906,2022-11-09 5:01,3,Streaming Media Player,Bronze,2,Processing,$225.00,29780
mtl-12907,2022-10-21 9:02,5,Smart Home Thermostat,Silver,3,Pending,"$1,049.95",29748
mtl-12908,2022-06-10 11:27,5,Wireless Home Entertainment System,Gold,4,Processing,"$2,049.95",29755
mtl-12909,2022-07-10 20:01,5,Smart Home Security System,Bronze,2,Pending,"$2,549.95",617
mtl-12910,2022-08-12 3:02,4,Desktop Computer,Bronze,2,Pending,"$4,039.96",493
mtl-12911,2022-06-10 2:42,2,Wireless Router,Gold,4,Paid,$119.98,545
mtl-12912,2023-03-19 11:52,3,Smartwatch,Bronze,2,Processing,$629.97,29577
mtl-12913,2022-12-18 21:38,3,Antenna,Bronze,2,Paid,$179.97,259
mtl-12914,2022-03-20 23:08,1,Wireless Home Entertainment System,Bronze,2,Processing,$409.99,29944
mtl-12915,2022-07-26 2:18,1,Wireless Home Network System,Bronze,2,Paid,$159.99,29941
mtl-12916,2022-10-16 20:24,4,Smart Home Camera,Bronze,2,Processing,$439.96,29510
mtl-12917,2023-04-12 18:29,2,Wireless Microphone,Gold,4,Processing,$119.98,29822
mtl-12918,2023-03-18 15:41,1,DSL Modem,Bronze,2,Paid,$75.00,29653
mtl-12919,2022-11-20 1:34,1,Smart Home Appliance,Silver,3,Pending,$259.99,29559
mtl-12920,2023-04-13 23:22,4,Modem,Silver,3,Processing,$300.00,29859
mtl-12921,2022-07-11 20:31,1,Cable Modem,Bronze,2,Paid,$75.00,29975
mtl-12922,2022-12-27 14:48,3,Wireless Range Extender,Silver,3,Paid,$225.00,29879
mtl-12923,2023-02-16 21:05,1,Wireless Keyboard,Bronze,2,Pending,$59.99,697
mtl-12924,2022-10-14 18:16,3,Network Switch,Silver,3,Pending,$479.97,502
mtl-12925,2022-02-16 21:27,2,Wireless Home Security System,Gold,4,Pending,$519.98,30105
mtl-12926,2022-03-25 11:39,2,Antenna,Bronze,2,Pending,$119.98,674
mtl-12927,2022-04-15 6:40,1,Wireless Speaker,Bronze,2,Paid,$75.00,695
mtl-12928,2022-06-27 15:06,1,Wireless Home Automation System,Silver,3,Paid,$509.99,29806
mtl-12929,2022-04-20 19:39,4,Laptop,Bronze,2,Pending,"$3,239.96",29988
mtl-12930,2022-06-25 7:15,5,VoIP Phone,Silver,3,Pending,$799.95,288
mtl-12931,2022-11-30 17:19,1,Wireless Video Game Console,Silver,3,Processing,$309.99,478
mtl-12932,2022-04-23 18:37,5,DSL Modem,Silver,3,Processing,$375.00,29860
mtl-12933,2023-01-20 4:38,4,Wireless Video Game Console,Silver,3,Processing,"$1,239.96",29789
mtl-12934,2022-02-07 16:19,4,Wireless Access Point,Silver,3,Pending,$300.00,29764
mtl-12935,2022-06-01 16:15,5,Cable TV Box,Silver,3,Paid,$549.95,679
mtl-12936,2023-02-10 21:46,4,Smart Home Door Lock,Silver,3,Processing,$639.96,466
mtl-12937,2023-04-14 16:57,1,Wireless Microphone,Bronze,2,Processing,$59.99,30118
mtl-12938,2022-04-17 10:41,2,Wireless Keyboard,Silver,3,Paid,$119.98,644
mtl-12939,2022-04-30 15:06,5,Smart Home Door Lock,Gold,4,Pending,$799.95,29843
mtl-12940,2022-01-20 3:22,1,Wireless Home Network System,Gold,4,Paid,$159.99,569
mtl-12941,2022-06-20 15:30,1,Smart Home Door Lock,Bronze,2,Processing,$159.99,259
mtl-12942,2022-07-07 5:01,2,Smart Home Camera,Gold,4,Processing,$219.98,29636
mtl-12943,2022-03-15 8:04,5,Satellite Dish,Bronze,2,Pending,$799.95,298
mtl-12944,2022-10-09 18:23,4,Wireless Storage Device,Gold,4,Processing,$839.96,307
mtl-12945,2022-06-09 16:11,4,Network Switch,Bronze,2,Processing,$639.96,29601
mtl-12946,2022-04-08 4:47,5,Smart Home Lighting,Silver,3,Paid,$375.00,29789
mtl-12947,2022-12-19 22:34,1,Laptop,Silver,3,Pending,$809.99,29782
mtl-12948,2022-01-13 23:02,4,Wireless Video Camera,Bronze,2,Paid,$439.96,238
mtl-12949,2023-01-17 9:25,2,Antenna,Bronze,2,Pending,$119.98,257
mtl-12950,2022-09-17 0:54,1,IP Camera,Silver,3,Pending,$209.99,394
mtl-12951,2022-03-07 17:44,1,Smartwatch,Gold,4,Pending,$209.99,91
mtl-12952,2022-11-19 6:51,4,Wireless Video Camera,Bronze,2,Processing,$439.96,366
mtl-12953,2022-04-26 12:19,1,Smart Home Security System,Gold,4,Pending,$509.99,38
mtl-12954,2022-11-08 3:21,1,Bluetooth Speaker,Gold,4,Processing,$59.99,30104
mtl-12955,2022-09-29 2:08,3,Desktop Computer,Silver,3,Paid,"$3,029.97",239
mtl-12956,2023-02-10 6:01,3,Smart Home Sensor,Gold,4,Paid,$179.97,493
mtl-12957,2022-04-24 6:28,1,Wireless Video Camera,Bronze,2,Pending,$109.99,418
mtl-12958,2022-09-26 12:29,1,Laptop,Silver,3,Processing,$809.99,288
mtl-12959,2022-12-22 1:04,1,Bluetooth Speaker,Bronze,2,Paid,$59.99,165
mtl-12960,2023-02-13 23:32,2,Satellite Radio,Gold,4,Paid,$219.98,583
mtl-12961,2022-06-25 23:07,2,Wireless Home Network System,Silver,3,Pending,$319.98,29502
mtl-12962,2022-07-07 7:47,4,Laptop,Gold,4,Paid,"$3,239.96",29988
mtl-12963,2022-02-17 20:03,4,Wireless Home Surveillance System,Bronze,2,Processing,"$1,239.96",250
mtl-12964,2022-02-16 2:33,1,Smart Home Thermostat,Gold,4,Paid,$209.99,29885
mtl-12965,2022-04-19 2:09,4,Wireless Network Adapter,Silver,3,Paid,$239.96,274
mtl-12966,2022-08-31 10:08,4,Cable TV Box,Silver,3,Paid,$439.96,29605
mtl-12967,2023-02-28 21:02,4,Wireless Mouse,Gold,4,Paid,$100.00,516
mtl-12968,2023-03-14 21:43,1,Wireless Video Game Console,Silver,3,Processing,$309.99,454
mtl-12969,2022-07-26 0:52,3,GPS Navigation System,Bronze,2,Paid,$629.97,649
mtl-12970,2022-05-31 4:35,3,Smartwatch,Silver,3,Processing,$629.97,131
mtl-12971,2022-08-17 9:44,1,Wireless Video Game Console,Gold,4,Processing,$309.99,244
mtl-12972,2022-01-09 3:17,2,Wireless Home Security System,Bronze,2,Processing,$519.98,545
mtl-12973,2022-12-02 1:45,2,Wireless Backup Drive,Bronze,2,Processing,$319.98,258
mtl-12974,2022-11-26 11:26,3,Smart Home Camera,Bronze,2,Paid,$329.97,418
mtl-12975,2022-05-11 11:27,2,Wireless Speaker,Gold,4,Pending,$150.00,516
mtl-12976,2022-05-14 3:16,2,Smartwatch,Silver,3,Processing,$419.98,238
mtl-12977,2022-12-10 7:58,5,Tablet,Gold,4,Pending,"$1,549.95",30044
mtl-12978,2022-02-22 4:53,4,Smart Home Security System,Bronze,2,Pending,"$2,039.96",697
mtl-12979,2022-05-28 22:43,2,GPS Navigation System,Gold,4,Pending,$419.98,346
mtl-12980,2022-10-15 7:18,1,Wireless Video Doorbell,Gold,4,Pending,$159.99,186
mtl-12981,2023-03-21 4:56,2,Wireless Router,Silver,3,Processing,$119.98,679
mtl-12982,2022-03-29 21:27,2,Antenna,Bronze,2,Pending,$119.98,29583
mtl-12983,2023-01-25 11:28,3,Satellite Dish,Silver,3,Pending,$479.97,29824
mtl-12984,2023-04-12 6:17,3,Satellite Dish,Gold,4,Paid,$479.97,29962
mtl-12985,2022-10-26 7:23,4,Wireless Range Extender,Bronze,2,Pending,$300.00,346
mtl-12986,2022-03-01 19:11,5,Smart Home Door Lock,Bronze,2,Pending,$799.95,148
mtl-12987,2022-06-03 2:33,2,Network Switch,Gold,4,Processing,$319.98,29867
mtl-12988,2023-02-07 15:44,1,Wireless Network Adapter,Gold,4,Paid,$59.99,29962
mtl-12989,2023-04-09 19:17,1,Wireless Printer,Bronze,2,Paid,$75.00,244
mtl-12990,2023-03-02 17:05,2,Streaming Media Player,Silver,3,Pending,$150.00,259
mtl-12991,2022-01-13 3:59,2,Cable TV Box,Bronze,2,Paid,$219.98,560
mtl-12992,2022-11-29 14:13,4,Wireless Network Adapter,Bronze,2,Pending,$239.96,701
mtl-12993,2022-08-12 12:35,2,Wireless Storage Device,Bronze,2,Processing,$419.98,238
mtl-12994,2022-04-05 17:04,1,Wireless Keyboard,Silver,3,Processing,$59.99,349
mtl-12995,2022-03-17 21:04,1,Wireless Microphone,Bronze,2,Paid,$59.99,328
mtl-12996,2022-05-14 2:16,4,Wireless Storage Device,Bronze,2,Pending,$839.96,29857
mtl-12997,2022-10-26 1:11,1,Smart Home Hub,Gold,4,Processing,$109.99,29600
mtl-12998,2022-08-17 16:08,3,Wireless Range Extender,Silver,3,Processing,$225.00,29525
mtl-12999,2022-10-16 8:26,4,Wireless Audio Receiver,Gold,4,Pending,$300.00,648
mtl-13000,2022-09-13 9:30,4,GPS Navigation System,Silver,3,Pending,$839.96,257
mtl-13001,2022-08-29 4:06,5,Smart Home Hub,Silver,3,Pending,$549.95,29750
mtl-13002,2022-06-05 23:15,2,Wireless Home Security System,Gold,4,Pending,$519.98,674
mtl-13003,2023-04-15 19:25,5,Satellite Phone,Silver,3,Pending,"$1,299.95",516
mtl-13004,2022-09-29 23:02,3,Wireless Video Camera,Bronze,2,Processing,$329.97,362
mtl-13005,2022-06-26 1:39,3,Wireless Range Extender,Bronze,2,Processing,$225.00,29908
mtl-13006,2022-08-19 3:52,5,Satellite Dish,Silver,3,Pending,$799.95,457
mtl-13007,2022-11-17 23:37,5,Wireless Access Point,Silver,3,Paid,$375.00,569
mtl-13008,2023-02-24 9:24,5,Cell Phone,Bronze,2,Paid,$549.95,552
mtl-13009,2023-01-04 15:36,4,Wireless Home Entertainment System,Bronze,2,Processing,"$1,639.96",61
mtl-13010,2022-10-23 21:25,5,Bluetooth Speaker,Silver,3,Paid,$299.95,277
mtl-13011,2022-01-06 9:47,4,Wireless Backup Drive,Gold,4,Pending,$639.96,16
mtl-13012,2023-04-29 19:54,5,Wireless Video Streaming Device,Silver,3,Processing,$375.00,394
mtl-13013,2023-02-04 19:19,1,IP Camera,Bronze,2,Processing,$209.99,504
mtl-13014,2022-06-14 7:23,4,Wireless Keyboard,Gold,4,Processing,$239.96,466
mtl-13015,2022-06-17 5:16,4,Wireless Video Streaming Device,Silver,3,Pending,$300.00,29944
mtl-13016,2022-09-22 8:33,1,DSL Modem,Gold,4,Processing,$75.00,29901
mtl-13017,2022-09-16 8:50,5,Smart Home Sensor,Silver,3,Pending,$299.95,30105
mtl-13018,2022-12-03 3:05,1,Desktop Computer,Bronze,2,Processing,"$1,009.99",29975
mtl-13019,2022-02-20 9:09,3,Wireless Home Surveillance System,Silver,3,Paid,$929.97,147
mtl-13020,2022-04-28 16:57,3,Wireless Range Extender,Bronze,2,Paid,$225.00,29908
mtl-13021,2022-01-27 23:21,2,Wireless Mouse,Bronze,2,Processing,$50.00,426
mtl-13022,2022-05-25 1:02,4,Smart Home Door Lock,Gold,4,Pending,$639.96,201
mtl-13023,2022-01-23 15:12,5,Wireless Video Game Console,Gold,4,Pending,"$1,549.95",11
mtl-13024,2022-03-30 16:49,5,Smart Home Security System,Gold,4,Processing,"$2,549.95",29872
mtl-13025,2023-03-12 19:14,1,Wireless Home Surveillance System,Bronze,2,Paid,$309.99,394
mtl-13026,2023-04-19 13:13,5,Desktop Computer,Gold,4,Paid,"$5,049.95",674
mtl-13027,2023-02-04 20:05,4,Smart Home Camera,Bronze,2,Paid,$439.96,29879
mtl-13028,2022-02-05 15:18,5,Smart Home Security System,Bronze,2,Pending,"$2,549.95",29921
mtl-13029,2023-04-28 5:55,1,DSL Modem,Bronze,2,Paid,$75.00,29521
mtl-13030,2022-09-21 21:23,4,Wireless Microphone,Gold,4,Pending,$239.96,30080
mtl-13031,2022-12-13 9:16,2,Wireless Video Streaming Device,Silver,3,Processing,$150.00,30047
mtl-13032,2022-05-04 15:27,5,Modem,Bronze,2,Pending,$375.00,30107
mtl-13033,2022-02-19 12:42,1,Satellite Radio,Silver,3,Pending,$109.99,471
mtl-13034,2022-12-11 2:27,1,Smart Home Hub,Gold,4,Pending,$109.99,621
mtl-13035,2022-08-18 13:48,5,Wireless Router,Silver,3,Pending,$299.95,29872
mtl-13036,2023-03-08 18:18,4,Laptop,Gold,4,Paid,"$3,239.96",461
mtl-13037,2022-08-16 8:57,1,Modem,Bronze,2,Paid,$75.00,291
mtl-13038,2023-01-01 2:08,5,Wireless Range Extender,Gold,4,Processing,$375.00,29536
mtl-13039,2023-01-17 0:03,4,Wireless Video Doorbell,Gold,4,Pending,$639.96,543
mtl-13040,2022-07-24 11:12,1,Smart Home Sensor,Bronze,2,Pending,$59.99,516
mtl-13041,2023-04-07 12:34,4,DSL Modem,Silver,3,Paid,$300.00,437
mtl-13042,2022-07-07 19:34,4,Wireless Security System,Gold,4,Processing,$639.96,29546
mtl-13043,2023-01-02 6:55,3,Wireless Home Entertainment System,Silver,3,Processing,"$1,229.97",596
mtl-13044,2022-01-19 21:27,1,Wireless Video Doorbell,Silver,3,Pending,$159.99,91
mtl-13045,2022-12-19 9:44,5,Wireless Game Controller,Gold,4,Pending,$299.95,29544
mtl-13046,2022-12-15 15:40,3,Smart Home Door Lock,Gold,4,Pending,$479.97,29952
mtl-13047,2022-07-09 7:44,1,Wireless Video Doorbell,Gold,4,Processing,$159.99,30008
mtl-13048,2022-09-06 9:57,3,Smart Home Door Lock,Bronze,2,Pending,$479.97,543
mtl-13049,2022-09-18 2:46,5,Wireless Storage Device,Bronze,2,Pending,"$1,049.95",29924
mtl-13050,2022-04-23 12:25,4,VoIP Phone,Gold,4,Pending,$639.96,29967
mtl-13051,2022-04-30 20:24,2,Wireless Keyboard,Gold,4,Paid,$119.98,61
mtl-13052,2022-10-15 20:52,5,Satellite Dish,Bronze,2,Paid,$799.95,426
mtl-13053,2022-05-26 1:39,5,Wireless Range Extender,Silver,3,Pending,$375.00,280
mtl-13054,2023-01-29 7:45,3,Satellite Dish,Silver,3,Paid,$479.97,649
mtl-13055,2022-07-18 2:29,3,Satellite Dish,Bronze,2,Pending,$479.97,29601
mtl-13056,2023-02-16 7:03,5,Smart Home Camera,Silver,3,Pending,$549.95,434
mtl-13057,2022-11-14 17:17,3,Smart Home Sensor,Gold,4,Pending,$179.97,112
mtl-13058,2022-04-10 19:58,1,Wireless Video Game Console,Bronze,2,Paid,$309.99,29750
mtl-13059,2023-02-25 5:20,4,Satellite Radio,Silver,3,Processing,$439.96,489
mtl-13060,2022-11-26 15:54,4,Wireless Game Controller,Gold,4,Paid,$239.96,29659
mtl-13061,2022-10-19 17:50,1,Wireless Headphones,Bronze,2,Pending,$75.00,298
mtl-13062,2023-02-13 10:29,3,Wireless Network Adapter,Gold,4,Paid,$179.97,30037
mtl-13063,2022-12-23 21:22,3,Wireless Router,Silver,3,Paid,$179.97,29929
mtl-13064,2022-11-13 3:17,1,Satellite Phone,Gold,4,Paid,$259.99,418
mtl-13065,2022-02-25 19:30,2,Wireless Network Adapter,Silver,3,Pending,$119.98,644
mtl-13066,2022-03-30 0:21,4,Smart Home Hub,Silver,3,Processing,$439.96,30090
mtl-13067,2022-09-21 22:03,1,Wireless Video Streaming Device,Silver,3,Pending,$75.00,272
mtl-13068,2022-08-26 11:50,4,Wireless Mouse,Bronze,2,Processing,$100.00,25
mtl-13069,2022-04-22 16:26,5,Wireless Home Entertainment System,Silver,3,Paid,"$2,049.95",29525
mtl-13070,2022-04-29 18:25,3,Wireless Video Streaming Device,Bronze,2,Processing,$225.00,30042
mtl-13071,2022-08-03 12:44,5,Wireless Router,Gold,4,Processing,$299.95,697
mtl-13072,2022-09-29 4:33,5,Smartphone,Silver,3,Pending,"$2,549.95",29988
mtl-13073,2022-07-21 6:05,3,Wireless Home Network System,Gold,4,Pending,$479.97,57
mtl-13074,2022-04-05 23:34,5,Wireless Video Game Console,Bronze,2,Pending,"$1,549.95",307
mtl-13075,2023-03-15 7:49,2,Wireless Range Extender,Bronze,2,Processing,$150.00,185
mtl-13076,2023-03-25 4:47,1,Wireless Storage Device,Gold,4,Processing,$209.99,29502
mtl-13077,2022-03-18 23:16,5,Smart Home Appliance,Gold,4,Pending,"$1,299.95",220
mtl-13078,2022-08-01 8:01,4,Modem,Silver,3,Processing,$300.00,298
mtl-13079,2022-03-30 10:47,5,Wireless Mouse,Silver,3,Processing,$125.00,327
mtl-13080,2022-11-16 22:54,4,Wireless Access Point,Silver,3,Processing,$300.00,238
mtl-13081,2022-10-28 9:47,3,Wireless Range Extender,Silver,3,Pending,$225.00,621
mtl-13082,2022-01-25 9:45,4,Wireless Video Game Console,Bronze,2,Processing,"$1,239.96",56
mtl-13083,2022-03-24 2:54,1,Wireless Charger,Gold,4,Pending,$25.00,478
mtl-13084,2022-04-10 11:10,3,Desktop Computer,Bronze,2,Processing,"$3,029.97",29770
mtl-13085,2022-02-26 5:42,1,Smart Home Security System,Silver,3,Processing,$509.99,29893
mtl-13086,2022-11-01 9:33,3,Desktop Computer,Bronze,2,Paid,"$3,029.97",516
mtl-13087,2022-02-11 3:44,2,Smart Home Hub,Silver,3,Processing,$219.98,426
mtl-13088,2022-08-20 13:14,2,Modem,Silver,3,Processing,$150.00,30008
mtl-13089,2022-07-11 14:14,3,Satellite Radio,Bronze,2,Pending,$329.97,29732
mtl-13090,2023-03-18 15:59,2,Smart Home Door Lock,Gold,4,Pending,$319.98,29914
mtl-13091,2022-02-16 19:55,3,Wireless Audio Receiver,Gold,4,Processing,$225.00,29847
mtl-13092,2022-02-19 22:18,3,Satellite Phone,Bronze,2,Paid,$779.97,29929
mtl-13093,2023-03-18 12:33,5,Streaming Media Player,Bronze,2,Processing,$375.00,608
mtl-13094,2022-03-23 9:48,3,Smart Home Door Lock,Bronze,2,Paid,$479.97,186
mtl-13095,2022-08-05 9:24,2,Wireless Printer,Bronze,2,Processing,$150.00,29741
mtl-13096,2022-10-06 5:22,5,Wireless Headphones,Bronze,2,Processing,$375.00,29622
mtl-13097,2022-08-18 10:49,4,Tablet,Bronze,2,Processing,"$1,239.96",448
mtl-13098,2022-03-04 14:42,2,Modem,Silver,3,Processing,$150.00,29635
mtl-13099,2022-08-16 20:31,4,Smart Home Camera,Bronze,2,Processing,$439.96,582
mtl-13100,2022-05-12 20:45,5,Wireless Microphone,Gold,4,Pending,$299.95,30111
mtl-13101,2022-08-10 22:28,1,Wireless Speaker,Gold,4,Pending,$75.00,29911
mtl-13102,2022-12-03 18:47,4,Smart Home Hub,Gold,4,Processing,$439.96,29566
mtl-13103,2022-02-10 23:42,5,Smart Home Hub,Silver,3,Pending,$549.95,30036
mtl-13104,2023-03-26 21:06,4,Wireless Video Game Console,Gold,4,Processing,"$1,239.96",148
mtl-13105,2022-02-12 19:54,3,Wireless Network Adapter,Bronze,2,Paid,$179.97,30115
mtl-13106,2022-11-20 17:33,1,Smart Home Thermostat,Gold,4,Processing,$209.99,187
mtl-13107,2022-12-25 11:24,3,Wireless Audio Receiver,Silver,3,Processing,$225.00,29646
mtl-13108,2023-04-04 23:42,2,Cable TV Box,Bronze,2,Paid,$219.98,91
mtl-13109,2023-04-11 11:06,2,Smart Home Thermostat,Gold,4,Pending,$419.98,29577
mtl-13110,2022-12-20 17:44,1,Wireless Video Streaming Device,Silver,3,Paid,$75.00,349
mtl-13111,2022-01-19 14:06,4,Smart Home Sensor,Silver,3,Paid,$239.96,401
mtl-13112,2022-06-17 22:42,4,VoIP Phone,Gold,4,Processing,$639.96,29732
mtl-13113,2022-12-13 20:23,2,GPS Navigation System,Silver,3,Paid,$419.98,10
mtl-13114,2023-03-10 4:39,2,Wireless Security System,Gold,4,Pending,$319.98,29605
mtl-13115,2022-02-05 1:20,4,Wireless Audio Receiver,Silver,3,Pending,$300.00,29962
mtl-13116,2022-09-17 17:00,3,Smartphone,Bronze,2,Processing,"$1,529.97",358
mtl-13117,2022-05-04 7:23,3,Smart Home Door Lock,Silver,3,Paid,$479.97,30090
mtl-13118,2023-04-25 1:37,5,Wireless Headphones,Silver,3,Processing,$375.00,29865
mtl-13119,2022-05-27 9:42,3,Wireless Microphone,Silver,3,Paid,$179.97,29683
mtl-13120,2022-09-11 4:30,3,Smart Home Door Lock,Bronze,2,Pending,$479.97,29884
mtl-13121,2023-03-13 10:53,1,Cell Phone,Silver,3,Paid,$109.99,679
mtl-13122,2022-04-06 4:14,3,Wireless Mouse,Gold,4,Pending,$75.00,29689
mtl-13123,2022-11-08 17:47,2,GPS Navigation System,Bronze,2,Processing,$419.98,186
mtl-13124,2022-03-28 17:46,2,Wireless Video Game Console,Silver,3,Pending,$619.98,29967
mtl-13125,2022-11-13 20:54,2,Network Switch,Bronze,2,Paid,$319.98,435
mtl-13126,2022-05-11 17:55,2,VoIP Phone,Bronze,2,Pending,$319.98,30090
mtl-13127,2023-02-12 16:00,2,Satellite Phone,Silver,3,Pending,$519.98,29859
mtl-13128,2022-01-15 11:21,3,Smart Home Camera,Gold,4,Pending,$329.97,29557
mtl-13129,2022-12-24 7:26,4,Wireless Home Security System,Silver,3,Processing,"$1,039.96",608
mtl-13130,2022-12-18 9:35,2,Wireless Mouse,Bronze,2,Paid,$50.00,425
mtl-13131,2022-04-01 12:38,2,Wireless Printer,Gold,4,Processing,$150.00,407
mtl-13132,2023-02-19 21:21,2,Network Switch,Gold,4,Paid,$319.98,29623
mtl-13133,2022-07-10 10:44,1,Smart Home Security System,Silver,3,Processing,$509.99,641
mtl-13134,2022-02-20 18:03,4,Streaming Media Player,Gold,4,Paid,$300.00,362
mtl-13135,2022-02-05 22:51,3,Laptop,Silver,3,Processing,"$2,429.97",29806
mtl-13136,2022-08-08 16:11,1,Satellite Phone,Silver,3,Pending,$259.99,418
mtl-13137,2022-04-19 3:16,3,Wireless Video Doorbell,Gold,4,Pending,$479.97,30044
mtl-13138,2022-09-08 9:03,2,Wireless Mouse,Silver,3,Paid,$50.00,277
mtl-13139,2022-03-18 3:28,4,Wireless Speaker,Gold,4,Paid,$300.00,648
mtl-13140,2022-11-26 20:58,2,Wireless Video Camera,Silver,3,Pending,$219.98,30118
mtl-13141,2022-07-24 17:02,4,Satellite Phone,Bronze,2,Pending,"$1,039.96",29865
mtl-13142,2022-09-02 20:19,2,Fiber Optic Modem,Silver,3,Processing,$319.98,489
mtl-13143,2023-04-23 0:16,1,Wireless Security System,Bronze,2,Processing,$159.99,685
mtl-13144,2022-02-08 6:21,2,Smart TV,Gold,4,Processing,"$1,019.98",30111
mtl-13145,2022-05-20 4:21,4,Smartwatch,Bronze,2,Paid,$839.96,30110
mtl-13146,2022-11-18 19:54,1,Wireless Security System,Silver,3,Paid,$159.99,421
mtl-13147,2022-03-17 13:43,1,Cable TV Box,Bronze,2,Processing,$109.99,478
mtl-13148,2022-09-17 12:56,4,Wireless Home Entertainment System,Silver,3,Pending,"$1,639.96",489
mtl-13149,2022-02-28 20:17,1,Network Switch,Bronze,2,Pending,$159.99,250
mtl-13150,2023-04-26 9:05,2,Wireless Backup Drive,Bronze,2,Pending,$319.98,29521
mtl-13151,2022-04-02 18:29,5,Wireless Home Entertainment System,Silver,3,Paid,"$2,049.95",96
mtl-13152,2022-02-28 23:19,2,Wireless Game Controller,Gold,4,Paid,$119.98,29636
mtl-13153,2022-10-17 3:05,3,Smart Home Security System,Bronze,2,Pending,"$1,529.97",516
mtl-13154,2023-02-12 5:50,4,Network Switch,Bronze,2,Paid,$639.96,254
mtl-13155,2023-01-17 20:58,2,Wireless Backup Drive,Silver,3,Paid,$319.98,124
mtl-13156,2022-12-21 16:39,1,Smart Home Lighting,Gold,4,Pending,$75.00,425
mtl-13157,2022-01-02 1:59,2,Laptop,Bronze,2,Paid,"$1,619.98",29872
mtl-13158,2023-04-23 6:06,5,Cell Phone,Bronze,2,Pending,$549.95,30008
mtl-13159,2023-02-02 7:37,4,Tablet,Bronze,2,Pending,"$1,239.96",29937
mtl-13160,2023-03-21 7:22,3,Smart Home Sensor,Gold,4,Pending,$179.97,307
mtl-13161,2022-01-12 17:07,1,Smartwatch,Silver,3,Paid,$209.99,29732
mtl-13162,2022-10-05 11:21,2,Wireless Home Entertainment System,Bronze,2,Paid,$819.98,29631
mtl-13163,2023-04-07 20:33,4,Smart Home Sensor,Silver,3,Processing,$239.96,95
mtl-13164,2022-07-21 1:40,1,IP Camera,Bronze,2,Pending,$209.99,180
mtl-13165,2022-11-27 20:48,4,Streaming Media Player,Silver,3,Processing,$300.00,57
mtl-13166,2023-02-20 1:57,2,Wireless Home Surveillance System,Bronze,2,Paid,$619.98,29859
mtl-13167,2022-08-09 3:31,2,Smart Home Appliance,Bronze,2,Paid,$519.98,609
mtl-13168,2022-03-08 12:36,3,IP Camera,Bronze,2,Paid,$629.97,30087
mtl-13169,2022-02-26 3:22,3,Wireless Home Surveillance System,Silver,3,Paid,$929.97,30036
mtl-13170,2022-05-30 7:44,4,Desktop Computer,Gold,4,Pending,"$4,039.96",528
mtl-13171,2022-11-25 10:40,1,Fiber Optic Modem,Bronze,2,Processing,$159.99,48
mtl-13172,2022-01-23 9:11,1,Smart Home Sensor,Silver,3,Processing,$59.99,156
mtl-13173,2022-08-17 5:32,2,Wireless Microphone,Gold,4,Pending,$119.98,462
mtl-13174,2022-07-17 8:44,3,Desktop Computer,Gold,4,Processing,"$3,029.97",701
mtl-13175,2023-02-07 2:39,1,Smart Home Door Lock,Gold,4,Pending,$159.99,30008
mtl-13176,2022-02-02 23:24,1,Wireless Home Entertainment System,Gold,4,Processing,$409.99,613
mtl-13177,2023-03-25 21:18,2,DSL Modem,Gold,4,Pending,$150.00,124
mtl-13178,2022-11-01 4:41,3,Cable Modem,Gold,4,Pending,$225.00,187
mtl-13179,2023-03-10 20:07,3,Wireless Microphone,Silver,3,Processing,$179.97,417
mtl-13180,2022-12-13 2:51,4,Wireless Home Entertainment System,Gold,4,Pending,"$1,639.96",336
mtl-13181,2022-09-23 8:02,5,Wireless Video Game Console,Bronze,2,Processing,"$1,549.95",701
mtl-13182,2023-03-24 20:25,1,Wireless Video Streaming Device,Bronze,2,Processing,$75.00,475
mtl-13183,2022-07-16 22:46,5,Antenna,Silver,3,Paid,$299.95,235
mtl-13184,2022-12-13 19:17,3,Smart Home Appliance,Silver,3,Pending,$779.97,29766
mtl-13185,2022-07-08 22:20,2,Smartwatch,Silver,3,Pending,$419.98,29834
mtl-13186,2022-09-09 15:17,4,Cell Phone,Gold,4,Pending,$439.96,29867
mtl-13187,2022-07-23 0:53,4,Smart Home Thermostat,Gold,4,Paid,$839.96,701
mtl-13188,2022-11-03 11:36,5,Wireless Home Entertainment System,Gold,4,Pending,"$2,049.95",280
mtl-13189,2022-12-11 9:46,4,Smart Home Thermostat,Silver,3,Pending,$839.96,30042
mtl-13190,2022-06-18 14:29,1,Antenna,Gold,4,Pending,$59.99,698
mtl-13191,2022-09-15 3:58,2,Wireless Audio Receiver,Bronze,2,Processing,$150.00,307
mtl-13192,2022-06-09 4:43,1,Wireless Mouse,Bronze,2,Pending,$25.00,29506
mtl-13193,2023-04-17 11:07,4,Wireless Home Entertainment System,Gold,4,Processing,"$1,639.96",418
mtl-13194,2023-04-20 17:27,2,Tablet,Bronze,2,Pending,$619.98,461
mtl-13195,2023-03-07 2:32,5,Smart Home Camera,Silver,3,Pending,$549.95,346
mtl-13196,2022-04-11 17:03,3,Smart Home Security System,Gold,4,Pending,"$1,529.97",277
mtl-13197,2022-05-22 9:23,4,Wireless Video Game Console,Gold,4,Processing,"$1,239.96",25
mtl-13198,2022-08-30 13:46,4,Wireless Microphone,Silver,3,Processing,$239.96,436
mtl-13199,2023-01-18 14:27,2,Cable Modem,Silver,3,Paid,$150.00,29536
mtl-13200,2022-03-26 14:32,5,VoIP Phone,Gold,4,Paid,$799.95,29908
mtl-13201,2022-07-23 11:42,2,VoIP Phone,Gold,4,Pending,$319.98,30112
mtl-13202,2023-03-07 17:19,5,GPS Navigation System,Bronze,2,Paid,"$1,049.95",29683
mtl-13203,2022-01-02 6:10,3,Smart Home Door Lock,Silver,3,Pending,$479.97,29744
mtl-13204,2022-10-18 16:32,5,Smart Home Camera,Gold,4,Processing,$549.95,444
mtl-13205,2022-10-13 15:59,4,Wireless Video Camera,Gold,4,Paid,$439.96,11
mtl-13206,2023-02-06 9:06,3,Wireless Headphones,Gold,4,Pending,$225.00,286
mtl-13207,2022-06-10 7:27,2,Wireless Home Automation System,Silver,3,Paid,"$1,019.98",30061
mtl-13208,2023-01-15 23:52,1,Smartwatch,Bronze,2,Processing,$209.99,570
mtl-13209,2023-04-25 16:57,2,Wireless Home Network System,Gold,4,Processing,$319.98,29768
mtl-13210,2022-11-25 18:29,3,Cable Modem,Bronze,2,Pending,$225.00,282
mtl-13211,2023-04-07 2:02,2,Smart Home Sensor,Bronze,2,Paid,$119.98,460
mtl-13212,2022-03-19 2:05,3,Cable Modem,Bronze,2,Pending,$225.00,29988
mtl-13213,2023-03-15 23:22,5,Smartphone,Silver,3,Processing,"$2,549.95",352
mtl-13214,2022-10-11 1:02,4,Smartwatch,Gold,4,Pending,$839.96,30104
mtl-13215,2022-06-25 13:32,3,Streaming Media Player,Silver,3,Pending,$225.00,29766
mtl-13216,2022-07-18 21:17,3,Wireless Headphones,Bronze,2,Pending,$225.00,29873
mtl-13217,2022-09-08 15:23,1,Smart Home Lighting,Gold,4,Processing,$75.00,28
mtl-13218,2022-03-07 19:09,3,Cell Phone,Silver,3,Processing,$329.97,461
mtl-13219,2022-08-26 8:58,3,Wireless Range Extender,Gold,4,Processing,$225.00,399
mtl-13220,2022-12-09 4:05,1,Wireless Audio Receiver,Silver,3,Paid,$75.00,30034
mtl-13221,2022-04-14 9:07,3,Smart Home Camera,Silver,3,Pending,$329.97,16
mtl-13222,2022-04-22 4:11,2,Smart TV,Bronze,2,Pending,"$1,019.98",29938
mtl-13223,2022-01-04 2:19,3,Satellite Phone,Bronze,2,Processing,$779.97,426
mtl-13224,2022-09-04 2:32,5,Wireless Microphone,Bronze,2,Paid,$299.95,399
mtl-13225,2023-02-12 13:53,3,Desktop Computer,Silver,3,Pending,"$3,029.97",196
mtl-13226,2022-03-22 21:56,3,Wireless Printer,Bronze,2,Paid,$225.00,29736
mtl-13227,2023-04-10 10:41,1,Wireless Home Security System,Gold,4,Pending,$259.99,274
mtl-13228,2022-04-14 18:06,4,Wireless Charger,Bronze,2,Processing,$100.00,218
mtl-13229,2022-09-22 23:02,5,Cable TV Box,Gold,4,Processing,$549.95,570
mtl-13230,2022-07-22 0:58,5,Cable TV Box,Bronze,2,Paid,$549.95,701
mtl-13231,2022-08-18 19:21,1,Wireless Game Controller,Gold,4,Processing,$59.99,29622
mtl-13232,2022-12-22 11:48,4,Modem,Bronze,2,Processing,$300.00,29964
mtl-13233,2022-07-10 17:44,3,Wireless Mouse,Silver,3,Processing,$75.00,29636
mtl-13234,2023-02-25 9:29,2,Smart Home Lighting,Gold,4,Processing,$150.00,29847
mtl-13235,2023-01-05 20:25,5,GPS Navigation System,Silver,3,Processing,"$1,049.95",147
mtl-13236,2022-04-17 23:37,2,Smart Home Appliance,Bronze,2,Processing,$519.98,29574
mtl-13237,2022-06-03 20:50,2,Satellite Radio,Silver,3,Processing,$219.98,111
mtl-13238,2022-02-18 2:45,2,Wireless Video Streaming Device,Bronze,2,Processing,$150.00,30050
mtl-13239,2022-03-29 19:09,3,Satellite Dish,Bronze,2,Pending,$479.97,29914
mtl-13240,2022-03-25 5:54,2,Smart Home Sensor,Bronze,2,Paid,$119.98,29938
mtl-13241,2022-01-12 3:04,2,Wireless Video Doorbell,Bronze,2,Pending,$319.98,184
mtl-13242,2023-03-24 19:24,4,Wireless Video Streaming Device,Silver,3,Paid,$300.00,346
mtl-13243,2022-06-19 19:48,5,Smart Home Lighting,Gold,4,Processing,$375.00,29560
mtl-13244,2022-09-03 21:11,1,GPS Navigation System,Gold,4,Processing,$209.99,436
mtl-13245,2022-12-12 6:30,3,Antenna,Bronze,2,Pending,$179.97,29949
mtl-13246,2022-06-17 13:17,1,Smart Home Appliance,Silver,3,Paid,$259.99,30117
mtl-13247,2022-07-28 16:23,1,Wireless Video Doorbell,Gold,4,Processing,$159.99,352
mtl-13248,2022-06-08 19:49,2,Smartphone,Gold,4,Processing,"$1,019.98",395
mtl-13249,2023-02-11 7:37,1,Laptop,Gold,4,Processing,$809.99,580
mtl-13250,2022-10-12 13:49,1,Wireless Home Surveillance System,Silver,3,Pending,$309.99,604
mtl-13251,2022-04-25 2:48,4,Satellite Radio,Gold,4,Processing,$439.96,621
mtl-13252,2022-11-20 13:06,1,Wireless Home Network System,Bronze,2,Processing,$159.99,29872
mtl-13253,2022-11-12 20:39,5,Wireless Video Doorbell,Silver,3,Paid,$799.95,29636
mtl-13254,2023-02-19 0:34,1,Wireless Microphone,Silver,3,Pending,$59.99,24
mtl-13255,2022-03-22 12:26,4,Wireless Security System,Bronze,2,Pending,$639.96,29873
mtl-13256,2022-04-25 1:37,4,Fiber Optic Modem,Silver,3,Processing,$639.96,30008
mtl-13257,2023-01-21 7:40,5,Smart Home Security System,Silver,3,Pending,"$2,549.95",434
mtl-13258,2023-02-18 23:08,5,Streaming Media Player,Gold,4,Processing,$375.00,30061
mtl-13259,2022-07-29 12:48,4,Smart Home Security System,Silver,3,Pending,"$2,039.96",408
mtl-13260,2022-04-09 23:25,3,Network Switch,Gold,4,Paid,$479.97,434
mtl-13261,2023-02-11 13:29,2,Desktop Computer,Bronze,2,Paid,"$2,019.98",29914
mtl-13262,2022-04-30 11:57,4,Satellite Phone,Silver,3,Paid,"$1,039.96",504
mtl-13263,2022-03-22 3:47,3,Smart Home Lighting,Silver,3,Processing,$225.00,417
mtl-13264,2022-02-22 22:32,5,GPS Navigation System,Gold,4,Processing,"$1,049.95",185
mtl-13265,2022-06-17 10:03,1,Wireless Home Surveillance System,Silver,3,Pending,$309.99,29699
mtl-13266,2022-03-20 1:58,1,GPS Navigation System,Silver,3,Pending,$209.99,343
mtl-13267,2022-05-04 21:13,5,Smart TV,Bronze,2,Pending,"$2,549.95",29622
mtl-13268,2022-09-21 23:58,2,Wireless Audio Receiver,Bronze,2,Paid,$150.00,29646
mtl-13269,2023-02-16 8:48,3,VoIP Phone,Bronze,2,Processing,$479.97,29738
mtl-13270,2023-02-25 6:56,2,Smart Home Door Lock,Silver,3,Paid,$319.98,425
mtl-13271,2022-07-25 10:33,1,Wireless Video Streaming Device,Bronze,2,Paid,$75.00,48
mtl-13272,2022-08-11 21:29,4,Wireless Home Network System,Gold,4,Processing,$639.96,30115
mtl-13273,2023-02-26 4:59,2,Satellite Dish,Silver,3,Pending,$319.98,291
mtl-13274,2022-07-09 12:44,4,Wireless Security System,Bronze,2,Pending,$639.96,528
mtl-13275,2023-03-02 4:42,3,Fiber Optic Modem,Silver,3,Paid,$479.97,334
mtl-13276,2023-04-11 1:15,3,Wireless Home Surveillance System,Gold,4,Pending,$929.97,29753
mtl-13277,2023-04-20 22:41,5,Wireless Game Controller,Silver,3,Processing,$299.95,29755
mtl-13278,2022-09-20 7:36,5,Wireless Home Surveillance System,Gold,4,Pending,"$1,549.95",475
mtl-13279,2023-03-27 0:26,4,Smart Home Lighting,Gold,4,Paid,$300.00,430
mtl-13280,2023-03-11 10:17,1,Smart Home Lighting,Gold,4,Pending,$75.00,649
mtl-13281,2022-08-28 6:51,5,Wireless Video Game Console,Bronze,2,Paid,"$1,549.95",621
mtl-13282,2022-07-15 4:12,1,Wireless Printer,Gold,4,Processing,$75.00,454
mtl-13283,2022-10-26 16:53,3,Smartwatch,Silver,3,Processing,$629.97,30036
mtl-13284,2023-01-26 1:02,2,Antenna,Bronze,2,Pending,$119.98,560
mtl-13285,2023-01-10 8:25,4,Smartwatch,Silver,3,Pending,$839.96,91
mtl-13286,2022-12-10 12:54,5,Network Switch,Bronze,2,Paid,$799.95,29616
mtl-13287,2022-11-26 14:18,2,Wireless Mouse,Bronze,2,Paid,$50.00,129
mtl-13288,2022-06-12 11:30,5,Wireless Security System,Bronze,2,Paid,$799.95,29884
mtl-13289,2022-08-14 19:37,1,Smart Home Sensor,Bronze,2,Processing,$59.99,394
mtl-13290,2022-05-27 22:32,2,Cable Modem,Bronze,2,Processing,$150.00,29521
mtl-13291,2022-09-16 4:41,4,Tablet,Bronze,2,Pending,"$1,239.96",695
mtl-13292,2023-01-28 9:35,5,Smart Home Camera,Gold,4,Paid,$549.95,250
mtl-13293,2023-01-07 11:30,1,Wireless Speaker,Bronze,2,Processing,$75.00,29944
mtl-13294,2022-12-03 4:02,2,Wireless Range Extender,Bronze,2,Paid,$150.00,220
mtl-13295,2022-07-27 23:28,1,Wireless Speaker,Bronze,2,Pending,$75.00,545
mtl-13296,2022-05-19 3:32,5,Smart Home Camera,Silver,3,Processing,$549.95,277
mtl-13297,2022-01-07 17:36,2,Wireless Headphones,Silver,3,Pending,$150.00,435
mtl-13298,2022-07-15 7:21,2,Wireless Audio Receiver,Gold,4,Processing,$150.00,201
mtl-13299,2022-09-04 23:14,5,Laptop,Silver,3,Pending,"$4,049.95",274
mtl-13300,2022-03-19 8:20,3,Bluetooth Speaker,Gold,4,Processing,$179.97,29601
mtl-13301,2023-01-14 0:20,2,Wireless Home Security System,Gold,4,Processing,$519.98,280
mtl-13302,2022-03-02 3:14,4,Wireless Storage Device,Bronze,2,Paid,$839.96,29998
mtl-13303,2022-02-11 23:20,3,Wireless Mouse,Bronze,2,Processing,$75.00,29964
mtl-13304,2022-06-12 13:40,2,Wireless Microphone,Bronze,2,Paid,$119.98,343
mtl-13305,2022-01-06 21:11,2,Wireless Speaker,Bronze,2,Pending,$150.00,436
mtl-13306,2022-12-01 11:05,1,Wireless Backup Drive,Bronze,2,Processing,$159.99,29689
mtl-13307,2022-03-25 17:47,3,Streaming Media Player,Bronze,2,Pending,$225.00,29949
mtl-13308,2022-01-23 13:32,1,Smart Home Appliance,Bronze,2,Paid,$259.99,29910
mtl-13309,2022-09-07 11:32,4,Wireless Home Network System,Gold,4,Pending,$639.96,648
mtl-13310,2022-03-12 13:52,2,Satellite Radio,Silver,3,Paid,$219.98,29748
mtl-13311,2022-08-12 19:28,2,Wireless Access Point,Silver,3,Processing,$150.00,407
mtl-13312,2022-11-09 9:38,5,Cable Modem,Gold,4,Paid,$375.00,29755
mtl-13313,2023-02-22 0:48,2,Smart Home Appliance,Bronze,2,Pending,$519.98,346
mtl-13314,2022-10-15 6:07,1,Streaming Media Player,Gold,4,Processing,$75.00,498
mtl-13315,2022-11-15 12:52,3,Smart Home Thermostat,Bronze,2,Processing,$629.97,30094
mtl-13316,2022-05-27 17:35,4,Satellite Phone,Silver,3,Pending,"$1,039.96",484
mtl-13317,2022-06-21 15:06,3,Wireless Range Extender,Silver,3,Paid,$225.00,29574
mtl-13318,2022-05-11 3:59,5,GPS Navigation System,Bronze,2,Processing,"$1,049.95",587
mtl-13319,2023-04-03 5:50,4,Wireless Game Controller,Gold,4,Processing,$239.96,29908
mtl-13320,2022-10-05 16:54,2,Smart TV,Bronze,2,Processing,"$1,019.98",343
mtl-13321,2022-10-12 0:48,3,Wireless Range Extender,Bronze,2,Pending,$225.00,29668
mtl-13322,2023-01-23 0:05,3,Satellite Dish,Bronze,2,Processing,$479.97,30094
mtl-13323,2022-02-28 5:12,3,Smart Home Hub,Silver,3,Paid,$329.97,29646
mtl-13324,2022-06-16 0:09,4,IP Camera,Gold,4,Processing,$839.96,29550
mtl-13325,2022-09-07 19:32,4,Smart Home Lighting,Bronze,2,Paid,$300.00,29736
mtl-13326,2023-01-14 1:23,2,Wireless Game Controller,Gold,4,Paid,$119.98,478
mtl-13327,2023-03-17 17:23,3,Wireless Keyboard,Bronze,2,Pending,$179.97,29778
mtl-13328,2023-01-30 18:12,3,Smartphone,Silver,3,Processing,"$1,529.97",131
mtl-13329,2023-02-27 0:20,5,Wireless Video Streaming Device,Silver,3,Pending,$375.00,29870
mtl-13330,2023-03-21 5:52,3,Wireless Backup Drive,Silver,3,Pending,$479.97,38
mtl-13331,2022-10-01 9:52,2,Wireless Access Point,Gold,4,Paid,$150.00,470
mtl-13332,2022-08-14 16:03,4,Wireless Network Adapter,Gold,4,Paid,$239.96,24
mtl-13333,2022-12-18 18:02,5,Wireless Backup Drive,Gold,4,Paid,$799.95,29618
mtl-13334,2022-12-29 8:10,4,GPS Navigation System,Bronze,2,Processing,$839.96,39
mtl-13335,2023-02-19 5:03,2,Wireless Speaker,Bronze,2,Paid,$150.00,30028
mtl-13336,2022-05-25 9:01,3,Smart Home Sensor,Gold,4,Processing,$179.97,257
mtl-13337,2022-05-23 22:15,3,IP Camera,Bronze,2,Pending,$629.97,30090
mtl-13338,2023-02-09 4:50,5,Wireless Keyboard,Bronze,2,Pending,$299.95,366
mtl-13339,2023-01-16 18:36,3,DSL Modem,Silver,3,Processing,$225.00,29583
mtl-13340,2023-02-18 22:41,3,Wireless Video Game Console,Bronze,2,Paid,$929.97,644
mtl-13341,2022-06-24 8:12,4,Wireless Video Doorbell,Silver,3,Pending,$639.96,29778
mtl-13342,2022-05-06 4:25,5,DSL Modem,Bronze,2,Paid,$375.00,457
mtl-13343,2022-09-04 15:09,4,Modem,Bronze,2,Processing,$300.00,239
mtl-13344,2022-07-14 23:48,3,Wireless Home Entertainment System,Bronze,2,Paid,"$1,229.97",29781
mtl-13345,2022-08-18 14:56,4,Wireless Home Security System,Gold,4,Paid,"$1,039.96",507
mtl-13346,2022-10-31 8:37,1,Smart Home Thermostat,Gold,4,Pending,$209.99,29659
mtl-13347,2023-04-13 16:06,2,Wireless Router,Gold,4,Processing,$119.98,30115
mtl-13348,2023-02-08 9:10,5,Wireless Access Point,Bronze,2,Paid,$375.00,239
mtl-13349,2023-02-05 10:57,4,Wireless Game Controller,Gold,4,Pending,$239.96,291
mtl-13350,2022-12-23 22:37,2,Satellite Radio,Bronze,2,Paid,$219.98,226
mtl-13351,2022-03-19 3:40,4,Network Switch,Silver,3,Pending,$639.96,24
mtl-13352,2022-07-09 16:16,5,Fiber Optic Modem,Gold,4,Pending,$799.95,16
mtl-13353,2022-07-15 13:16,2,Smartphone,Silver,3,Processing,"$1,019.98",56
mtl-13354,2022-10-01 9:37,3,DSL Modem,Gold,4,Paid,$225.00,349
mtl-13355,2022-06-14 19:36,4,Laptop,Gold,4,Pending,"$3,239.96",29600
mtl-13356,2022-07-30 6:39,5,Wireless Video Streaming Device,Silver,3,Pending,$375.00,701
mtl-13357,2022-06-18 21:47,1,Wireless Home Entertainment System,Bronze,2,Pending,$409.99,29600
mtl-13358,2022-07-28 10:30,2,Wireless Range Extender,Bronze,2,Pending,$150.00,29901
mtl-13359,2022-02-06 22:22,4,Wireless Audio Receiver,Silver,3,Pending,$300.00,493
mtl-13360,2022-10-08 15:51,4,Wireless Video Doorbell,Gold,4,Paid,$639.96,608
mtl-13361,2023-04-13 19:45,4,Cable TV Box,Silver,3,Processing,$439.96,452
mtl-13362,2023-04-09 3:45,4,Wireless Video Doorbell,Gold,4,Processing,$639.96,336
mtl-13363,2022-12-25 5:56,4,Wireless Video Camera,Bronze,2,Pending,$439.96,29834
mtl-13364,2023-01-15 2:04,4,Wireless Microphone,Gold,4,Pending,$239.96,582
mtl-13365,2022-12-22 18:48,1,Smart Home Sensor,Bronze,2,Pending,$59.99,29944
mtl-13366,2022-07-22 17:57,5,Smart Home Sensor,Gold,4,Processing,$299.95,29949
mtl-13367,2023-04-01 20:17,2,Smart Home Door Lock,Silver,3,Pending,$319.98,307
mtl-13368,2022-09-22 1:53,4,Streaming Media Player,Gold,4,Processing,$300.00,282
mtl-13369,2023-02-28 15:24,1,Satellite Dish,Bronze,2,Paid,$159.99,2
mtl-13370,2022-01-11 17:53,4,Smart Home Thermostat,Gold,4,Processing,$839.96,444
mtl-13371,2022-04-27 16:10,3,Wireless Speaker,Silver,3,Processing,$225.00,29885
mtl-13372,2022-08-23 10:52,2,Tablet,Silver,3,Processing,$619.98,30034
mtl-13373,2022-11-14 21:25,4,Wireless Video Streaming Device,Bronze,2,Paid,$300.00,29921
mtl-13374,2023-02-02 7:59,3,Wireless Video Streaming Device,Bronze,2,Processing,$225.00,29998
mtl-13375,2022-05-30 23:34,5,Wireless Home Security System,Gold,4,Paid,"$1,299.95",649
mtl-13376,2022-06-13 11:16,1,Wireless Charger,Silver,3,Processing,$25.00,349
mtl-13377,2022-01-02 0:26,3,Network Switch,Bronze,2,Paid,$479.97,596
mtl-13378,2022-07-27 17:12,2,Wireless Home Security System,Silver,3,Paid,$519.98,343
mtl-13379,2022-01-27 22:24,1,Bluetooth Speaker,Gold,4,Pending,$59.99,695
mtl-13380,2022-12-31 20:27,4,Smart Home Thermostat,Gold,4,Processing,$839.96,29867
mtl-13381,2022-08-13 13:01,5,Wireless Video Streaming Device,Bronze,2,Paid,$375.00,165
mtl-13382,2023-02-24 14:19,1,Tablet,Bronze,2,Paid,$309.99,563
mtl-13383,2022-07-22 14:07,2,Satellite Dish,Gold,4,Paid,$319.98,30061
mtl-13384,2022-04-13 11:25,4,Smart Home Camera,Bronze,2,Processing,$439.96,30110
mtl-13385,2023-04-06 8:07,4,Wireless Charger,Gold,4,Paid,$100.00,29653
mtl-13386,2022-02-27 7:49,3,Antenna,Gold,4,Pending,$179.97,30115
mtl-13387,2022-04-01 19:30,2,Wireless Home Security System,Gold,4,Processing,$519.98,29510
mtl-13388,2022-05-11 21:04,4,Wireless Speaker,Bronze,2,Pending,$300.00,29536
mtl-13389,2022-04-01 22:02,2,Tablet,Bronze,2,Pending,$619.98,698
mtl-13390,2022-10-05 18:31,5,Smart Home Camera,Silver,3,Processing,$549.95,29860
mtl-13391,2022-01-09 5:02,3,Wireless Access Point,Silver,3,Pending,$225.00,253
mtl-13392,2022-12-27 4:25,2,Wireless Range Extender,Bronze,2,Paid,$150.00,2
mtl-13393,2022-09-17 22:03,1,Laptop,Bronze,2,Paid,$809.99,38
mtl-13394,2022-08-08 16:09,5,Wireless Headphones,Gold,4,Pending,$375.00,685
mtl-13395,2022-02-15 10:12,5,Smart Home Appliance,Bronze,2,Pending,"$1,299.95",29957
mtl-13396,2023-01-29 13:18,5,Fiber Optic Modem,Bronze,2,Paid,$799.95,29502
mtl-13397,2022-10-01 2:55,3,Smart Home Thermostat,Gold,4,Processing,$629.97,444
mtl-13398,2022-02-26 7:55,1,Bluetooth Speaker,Silver,3,Processing,$59.99,444
mtl-13399,2022-12-03 16:19,2,Smartphone,Gold,4,Pending,"$1,019.98",609
mtl-13400,2022-09-17 18:08,2,Smart Home Thermostat,Silver,3,Processing,$419.98,30080
mtl-13401,2022-09-02 11:05,4,Wireless Home Automation System,Gold,4,Processing,"$2,039.96",257
mtl-13402,2023-02-15 6:35,5,Wireless Charger,Gold,4,Processing,$125.00,29908
mtl-13403,2023-01-22 10:56,3,Wireless Keyboard,Bronze,2,Pending,$179.97,679
mtl-13404,2023-02-28 15:34,1,Smart TV,Silver,3,Pending,$509.99,641
mtl-13405,2022-09-24 0:10,3,DSL Modem,Silver,3,Processing,$225.00,29941
mtl-13406,2022-11-03 10:55,4,Smart Home Camera,Bronze,2,Paid,$439.96,336
mtl-13407,2022-05-15 16:09,3,Wireless Printer,Silver,3,Paid,$225.00,545
mtl-13408,2022-03-20 17:59,3,Satellite Radio,Bronze,2,Processing,$329.97,238
mtl-13409,2023-01-01 12:47,4,Fiber Optic Modem,Gold,4,Pending,$639.96,29623
mtl-13410,2022-12-02 15:55,2,Wireless Video Game Console,Gold,4,Paid,$619.98,580
mtl-13411,2022-04-14 13:43,4,Smart Home Door Lock,Gold,4,Pending,$639.96,29998
mtl-13412,2022-09-06 18:49,3,Smart Home Camera,Bronze,2,Paid,$329.97,29527
mtl-13413,2022-04-06 0:52,4,Antenna,Bronze,2,Pending,$239.96,29948
mtl-13414,2022-02-17 22:07,1,Tablet,Silver,3,Paid,$309.99,30028
mtl-13415,2022-02-21 4:34,4,Smart Home Sensor,Silver,3,Processing,$239.96,29924
mtl-13416,2022-07-26 21:06,1,Wireless Speaker,Bronze,2,Pending,$75.00,560
mtl-13417,2022-08-05 12:15,4,Wireless Video Streaming Device,Silver,3,Paid,$300.00,29616
mtl-13418,2022-02-15 1:26,2,Smart Home Hub,Gold,4,Paid,$219.98,29521
mtl-13419,2023-04-07 6:04,2,Tablet,Gold,4,Pending,$619.98,418
mtl-13420,2022-05-18 19:05,2,Wireless Speaker,Gold,4,Pending,$150.00,401
mtl-13421,2022-08-30 7:55,3,Wireless Microphone,Silver,3,Processing,$179.97,10
mtl-13422,2022-05-09 8:59,1,Smart TV,Silver,3,Paid,$509.99,29616
mtl-13423,2022-10-17 6:22,4,Wireless Video Streaming Device,Gold,4,Processing,$300.00,696
mtl-13424,2022-08-13 3:49,5,Laptop,Gold,4,Paid,"$4,049.95",30117
mtl-13425,2022-04-07 16:53,5,Wireless Home Security System,Gold,4,Paid,"$1,299.95",29910
mtl-13426,2022-09-26 8:15,3,Smartwatch,Silver,3,Processing,$629.97,29636
mtl-13427,2022-11-19 11:18,1,Wireless Video Game Console,Bronze,2,Processing,$309.99,29778
mtl-13428,2022-03-01 16:53,4,DSL Modem,Silver,3,Paid,$300.00,29800
mtl-13429,2022-10-05 20:31,4,Wireless Charger,Gold,4,Pending,$100.00,650
mtl-13430,2023-01-06 8:42,5,Wireless Keyboard,Silver,3,Processing,$299.95,574
mtl-13431,2022-01-26 18:59,1,Smart Home Thermostat,Gold,4,Processing,$209.99,29813
mtl-13432,2022-04-04 17:46,5,Smart Home Security System,Silver,3,Pending,"$2,549.95",29524
mtl-13433,2023-01-18 12:38,3,Smartwatch,Silver,3,Pending,$629.97,697
mtl-13434,2023-04-07 9:40,2,Fiber Optic Modem,Gold,4,Processing,$319.98,437
mtl-13435,2022-08-21 3:39,5,Wireless Router,Bronze,2,Processing,$299.95,29557
mtl-13436,2022-09-21 2:31,1,VoIP Phone,Silver,3,Pending,$159.99,235
mtl-13437,2022-06-20 16:02,5,IP Camera,Gold,4,Processing,"$1,049.95",30080
mtl-13438,2022-03-02 10:18,1,Wireless Range Extender,Silver,3,Pending,$75.00,30037
mtl-13439,2022-02-02 23:37,3,Wireless Router,Bronze,2,Pending,$179.97,184
mtl-13440,2022-02-07 19:23,2,Smartwatch,Bronze,2,Pending,$419.98,150
mtl-13441,2022-12-30 18:42,5,Streaming Media Player,Silver,3,Pending,$375.00,275
mtl-13442,2023-01-26 12:56,4,Smart Home Hub,Bronze,2,Paid,$439.96,29921
mtl-13443,2022-07-25 11:50,3,Wireless Video Streaming Device,Gold,4,Paid,$225.00,29816
mtl-13444,2023-01-19 2:04,1,Smart Home Door Lock,Gold,4,Paid,$159.99,29753
mtl-13445,2022-08-30 21:48,4,Cable TV Box,Bronze,2,Pending,$439.96,604
mtl-13446,2023-04-12 8:48,1,Bluetooth Speaker,Silver,3,Processing,$59.99,111
mtl-13447,2022-04-03 5:00,5,Satellite Phone,Gold,4,Processing,"$1,299.95",30083
mtl-13448,2022-11-11 4:43,3,Antenna,Gold,4,Processing,$179.97,29605
mtl-13449,2022-02-16 11:54,3,Cable TV Box,Silver,3,Paid,$329.97,336
mtl-13450,2022-07-27 17:30,3,Smart Home Lighting,Bronze,2,Paid,$225.00,29736
mtl-13451,2023-02-16 2:47,2,Tablet,Silver,3,Processing,$619.98,112
mtl-13452,2023-02-11 2:19,5,Wireless Printer,Gold,4,Pending,$375.00,30104
mtl-13453,2022-12-26 9:37,1,Smartwatch,Gold,4,Paid,$209.99,29938
mtl-13454,2022-11-12 2:26,5,Wireless Home Security System,Silver,3,Paid,"$1,299.95",545
mtl-13455,2022-06-23 7:52,3,Wireless Home Automation System,Silver,3,Paid,"$1,529.97",362
mtl-13456,2022-09-29 2:12,1,Wireless Mouse,Silver,3,Paid,$25.00,288
mtl-13457,2022-12-21 23:19,3,Wireless Video Game Console,Silver,3,Paid,$929.97,425
mtl-13458,2022-12-30 15:02,2,Wireless Home Network System,Bronze,2,Paid,$319.98,29741
mtl-13459,2023-01-20 4:35,3,Wireless Game Controller,Silver,3,Paid,$179.97,30024
mtl-13460,2022-08-08 1:17,2,Antenna,Silver,3,Paid,$119.98,29770
mtl-13461,2023-03-19 17:27,4,Satellite Radio,Bronze,2,Pending,$439.96,29957
mtl-13462,2022-03-23 4:04,2,Wireless Headphones,Bronze,2,Pending,$150.00,30008
mtl-13463,2022-07-02 22:50,1,Wireless Speaker,Gold,4,Pending,$75.00,426
mtl-13464,2022-01-18 1:52,1,Smart Home Sensor,Silver,3,Paid,$59.99,478
mtl-13465,2022-02-11 1:11,1,Wireless Backup Drive,Silver,3,Paid,$159.99,570
mtl-13466,2022-01-11 11:50,3,VoIP Phone,Silver,3,Paid,$479.97,29550
mtl-13467,2022-04-16 3:38,5,Tablet,Bronze,2,Processing,"$1,549.95",29502
mtl-13468,2022-06-16 7:02,1,Satellite Phone,Bronze,2,Pending,$259.99,29967
mtl-13469,2023-02-08 23:45,2,Antenna,Gold,4,Pending,$119.98,552
mtl-13470,2022-09-09 10:08,3,DSL Modem,Bronze,2,Paid,$225.00,29536
mtl-13471,2022-07-25 6:56,2,Wireless Mouse,Silver,3,Paid,$50.00,698
mtl-13472,2022-11-23 13:14,3,Wireless Video Streaming Device,Gold,4,Pending,$225.00,448
mtl-13473,2022-01-07 9:52,2,Smart Home Lighting,Bronze,2,Pending,$150.00,30083
mtl-13474,2022-05-25 9:59,2,VoIP Phone,Bronze,2,Paid,$319.98,613
mtl-13475,2022-08-24 13:24,1,Satellite Phone,Silver,3,Pending,$259.99,29770
mtl-13476,2022-01-29 1:46,5,Wireless Home Security System,Silver,3,Paid,"$1,299.95",29655
mtl-13477,2022-10-01 16:22,3,Fiber Optic Modem,Silver,3,Paid,$479.97,498
mtl-13478,2022-11-02 23:36,3,Wireless Security System,Gold,4,Paid,$479.97,29937
mtl-13479,2022-04-12 2:20,1,Smartwatch,Bronze,2,Paid,$209.99,430
mtl-13480,2022-09-19 9:03,1,Smart Home Appliance,Silver,3,Processing,$259.99,182
mtl-13481,2022-09-05 0:18,3,Wireless Printer,Silver,3,Pending,$225.00,29818
mtl-13482,2022-11-16 8:06,4,Satellite Dish,Bronze,2,Paid,$639.96,29655
mtl-13483,2022-10-18 4:20,3,Wireless Network Adapter,Silver,3,Processing,$179.97,29566
mtl-13484,2022-12-10 23:09,5,Wireless Storage Device,Silver,3,Paid,"$1,049.95",97
mtl-13485,2022-10-24 6:35,2,Desktop Computer,Bronze,2,Pending,"$2,019.98",502
mtl-13486,2022-12-07 8:11,5,Cable TV Box,Bronze,2,Paid,$549.95,259
mtl-13487,2022-01-19 4:13,4,Smartphone,Gold,4,Pending,"$2,039.96",235
mtl-13488,2022-11-21 6:07,2,Wireless Mouse,Gold,4,Processing,$50.00,280
mtl-13489,2022-07-17 20:40,5,Smart Home Appliance,Bronze,2,Processing,"$1,299.95",219
mtl-13490,2022-11-15 13:44,5,Fiber Optic Modem,Silver,3,Processing,$799.95,695
